Latitude,Longitude,축종,발생두수,ID
36.7403856,129.1983249,벌-재래종,7,6692
36.7181091,129.2462741,벌-재래종,3,5621
38.1453645,128.1335981,벌-재래종,4,648
36.1533392,128.6041672,벌-개량종,20,7171
36.4785066,129.1679121,벌-재래종,107,2743
37.4679821,128.7981629,벌-개량종,250,2712
36.8167104,129.2501549,벌-재래종,2,718
38.0087006,128.1617215,벌-재래종,4,5984
36.3371588,127.8960781,벌-개량종,150,7030
36.8144001,128.1482474,벌-재래종,18,8911
37.4472938,127.6700914,벌-재래종,6,6983
37.8560252,127.8469846,벌-재래종,26,629
37.6255406,127.93141,벌-재래종,1,4266
37.017043,128.8162766,벌-재래종,2,1162
37.1712746,128.9669333,벌-개량종,230,705
36.2954995,128.7889909,벌-재래종,3,397
36.7551344,128.1698493,벌-개량종,63,2623
37.4439367,127.6250917,벌-재래종,2,947
37.4472938,127.6700914,벌-재래종,4,6983
36.4785066,129.1679121,벌-재래종,107,2743
37.5710458,127.6416006,벌-재래종,7,2158
38.0087006,128.1617215,벌-재래종,1,5984
37.7264197,127.9160954,벌-재래종,1,3597
36.2945638,129.0464878,벌-재래종,9,7719
37.6170662,127.4871263,벌-재래종,1,1310
37.017043,128.8162766,벌-재래종,2,1162
36.7877626,129.2030091,벌-재래종,4,718
35.1986439,127.4529926,벌-재래종,106,7551
35.6789038,129.4305092,벌-개량종,7,723
35.6789038,129.4305092,벌-개량종,7,723
37.9018596,126.8377851,벌-개량종,1,99
37.497971,127.5050639,벌-재래종,9,3738
37.4615935,128.153439,벌-재래종,1,6568
36.9786453,128.85124,벌-재래종,60,1882
36.3321473,128.8067483,벌-재래종,1,2714
36.5095472,129.0923238,벌-재래종,8,2743
37.0060873,128.9653695,벌-재래종,6,1891
36.2891333,128.8180761,벌-재래종,2,535
37.8303719,127.8955118,벌-재래종,1,636
37.9429407,127.4806675,벌-재래종,7,1630
37.4250014,128.2967109,벌-재래종,1,662
36.7551344,128.1698493,벌-재래종,1,2623
36.4571359,129.3230741,벌-재래종,195,1925
36.4571359,129.3230741,벌-재래종,127,1925
37.5290575,127.8523294,벌-재래종,1,6983
37.178741,127.5891868,벌-개량종,5,232
37.2458153,128.045615,벌-재래종,1,3630
36.6496554,128.7873596,벌-재래종,4,3704
38.0412339,127.0393313,벌-재래종,1,5739
36.0053204,129.0451342,벌-재래종,6,1178
37.4615935,128.153439,벌-재래종,2,6568
37.4615935,128.153439,벌-재래종,2,6568
36.2945638,129.0464878,벌-재래종,2,7719
37.8140141,128.1452309,벌-재래종,7,1048
36.3321473,128.8067483,벌-재래종,2,2714
37.9429407,127.4806675,벌-재래종,2,1630
38.0019958,128.6187189,벌-재래종,1,2305
37.2458153,128.045615,벌-재래종,1,3630
37.348768,128.1604644,벌-재래종,2,5203
37.017043,128.8162766,벌-재래종,6,1162
36.6932767,128.7045904,벌-재래종,4,3704
35.61436,127.2851097,벌-재래종,30,176
36.6190338,127.5915186,벌-재래종,5,3001
37.017043,128.8162766,벌-재래종,2,1162
36.6966455,128.969731,벌-재래종,4,8859
36.9796571,128.3675653,벌-재래종,4,5230
37.8140141,128.1452309,벌-재래종,2,1048
37.8140141,128.1452309,벌-재래종,4,1048
37.694464,128.2708307,벌-재래종,2,663
37.6644632,127.6998828,벌-재래종,11,975
36.9786453,128.85124,벌-재래종,2,1882
37.4615935,128.153439,벌-재래종,1,6568
37.3644088,127.1154987,벌-재래종,5,802
36.630742,128.9132417,벌-재래종,25,3704
37.4250014,128.2967109,벌-재래종,1,662
37.5307719,128.7275235,벌-재래종,30,2712
38.1219556,128.3101926,벌-재래종,6,2641
36.605193,128.2073429,벌-개량종,1,3629
37.7267059,126.9116461,벌-재래종,2,4805
37.4515774,127.654413,벌-재래종,2,5915
36.9395486,128.7902001,벌-재래종,2,3142
35.3241616,128.4270594,벌-개량종,1,6622
36.7047911,128.8286576,벌-재래종,19,3704
35.3241616,128.4270594,벌-재래종,1,6622
37.9429407,127.4806675,벌-재래종,2,1630
37.4250014,128.2967109,벌-재래종,3,662
37.5048669,128.4671105,벌-재래종,3,681
38.0807,128.5240511,벌-재래종,1,2678
37.0603106,128.3768758,벌-재래종,2,375
37.1278328,128.1395824,벌-재래종,4,5575
37.146709,129.0483328,벌-개량종,170,7715
36.4785066,129.1679121,벌-재래종,50,2743
38.1453645,128.1335981,벌-재래종,1,648
38.0466608,128.3851271,벌-재래종,2,7126
38.1453645,128.1335981,벌-재래종,3,648
37.0603106,128.3768758,벌-재래종,2,375
37.1278328,128.1395824,벌-재래종,1,5575
37.4094445,127.0721126,벌-재래종,4,805
36.7900282,128.8422727,벌-재래종,8,1164
35.9213983,129.1566704,벌-재래종,2,7207
37.0186463,128.8734902,벌-재래종,3,2313
37.4250014,128.2967109,벌-재래종,1,662
37.5207478,127.506135,벌-재래종,8,6921
36.6583598,128.8915154,벌-재래종,29,3704
37.6760295,128.0480344,벌-재래종,15,8495
37.4684441,128.2208537,벌-재래종,4,1804
37.4684441,128.2208537,벌-재래종,4,1804
37.6324523,127.7520913,벌-재래종,2,975
37.7772913,127.4542677,벌-재래종,8,6910
37.1516128,128.8448938,벌-재래종,5,7704
38.2198155,127.7724077,벌-재래종,53,8484
36.3098164,129.0140533,벌-재래종,5,7719
36.2136951,129.0125484,벌-재래종,3,6118
36.4762887,129.1340697,벌-재래종,10,2743
36.9781712,128.9144704,벌-재래종,3,1167
37.348768,128.1604644,벌-재래종,1,5203
37.5570387,128.1853633,벌-재래종,7,7082
36.8621052,127.0313115,벌-재래종,5,6322
37.8496926,126.9644347,벌-개량종,1,2440
37.2220583,128.8218722,벌-재래종,4,7701
36.7551344,128.1698493,벌-재래종,2,2623
34.8171423,127.1199466,벌-재래종,10,2052
37.8932509,127.8039512,벌-재래종,3,5936
36.8004842,128.7944095,벌-재래종,10,7702
37.8932509,127.8039512,벌-재래종,2,5936
37.5933552,128.1664828,벌-재래종,3,7082
37.5066872,127.4717254,벌-재래종,2,1450
36.8581851,128.5151227,벌-재래종,2,391
36.9597995,128.5821026,벌-재래종,8,2375
37.4250014,128.2967109,벌-재래종,1,662
37.0603106,128.3768758,벌-재래종,1,375
34.7326998,127.1538776,벌-재래종,1,1550
35.5798635,127.1981911,벌-재래종,1,176
36.0555481,128.2571982,벌-재래종,1,1829
36.3667465,128.8419833,벌-재래종,3,7407
37.2534286,128.726245,벌-재래종,2,1875
37.4250014,128.2967109,벌-재래종,1,662
35.9213983,129.1566704,벌-재래종,10,7207
35.9213983,129.1566704,벌-개량종,8,7207
37.2534286,128.726245,벌-재래종,3,1875
37.5019304,128.7080385,벌-재래종,5,2712
34.8114222,126.9428825,벌-재래종,1,2880
37.2534286,128.726245,벌-재래종,6,1875
37.4146192,128.8668205,벌-재래종,13,6102
37.7014855,127.8674722,벌-재래종,3,3597
37.4048732,128.1453026,벌-재래종,1,6568
37.7120915,127.7440552,벌-재래종,2,4190
37.8140141,128.1452309,벌-재래종,4,1048
37.0060873,128.9653695,벌-재래종,127,1891
36.4785066,129.1679121,벌-재래종,100,2743
36.4328334,128.0152246,벌-개량종,100,328
37.5019304,128.7080385,벌-재래종,17,2712
36.4571359,129.3230741,벌-재래종,141,1925
37.3873252,128.6859393,벌-재래종,9,7689
37.4515774,127.654413,벌-재래종,4,5915
36.5095472,129.0923238,벌-재래종,3,2743
35.2075729,128.3702795,벌-재래종,31,8544
36.9395486,128.7902001,벌-재래종,15,3142
35.0286639,126.7526792,벌-재래종,1,4529
37.2597658,128.8729253,벌-재래종,1,6663
35.433975,127.6260086,벌-개량종,80,4569
35.0160601,127.0127779,벌-재래종,1,6809
35.0160601,127.0127779,벌-재래종,1,6809
36.8561157,128.8395425,벌-재래종,32,7702
37.4048732,128.1453026,벌-재래종,6,6568
37.9429407,127.4806675,벌-재래종,3,1630
37.3852166,128.3913906,벌-재래종,15,6601
37.0603106,128.3768758,벌-재래종,1,375
37.6011843,128.2265769,벌-재래종,7,656
37.9831858,127.7035317,벌-재래종,3,1702
36.7551344,128.1698493,벌-재래종,1,2623
38.1886627,128.3651816,벌-재래종,5,7134
36.7551344,128.1698493,벌-재래종,2,2623
37.8107051,128.2724166,벌-재래종,1,7109
37.348768,128.1604644,벌-재래종,2,5203
37.8173563,128.0004157,벌-재래종,5,636
37.0603106,128.3768758,벌-재래종,1,375
36.7877626,129.2030091,벌-재래종,11,718
34.7128412,127.1870253,벌-재래종,1,2054
37.25075,128.6692609,벌-재래종,18,5271
36.7325426,128.1554979,벌-개량종,3,8810
38.1681838,128.1786506,벌-재래종,7,5977
37.3909559,127.8008094,벌-재래종,1,4213
34.7168052,127.1320597,벌-재래종,1,1550
36.8428925,128.5079335,벌-재래종,7,391
36.8581851,128.5151227,벌-재래종,7,391
37.497971,127.5050639,벌-재래종,2,3738
35.2480059,126.9756866,벌-개량종,1,560
36.6536828,128.9347622,벌-재래종,35,3704
37.4358067,128.3992554,벌-재래종,1,3663
37.9529831,128.1965588,벌-재래종,9,654
37.4358067,128.3992554,벌-재래종,1,3663
36.5095472,129.0923238,벌-재래종,2,2743
35.1414667,126.5323581,벌-재래종,1,447
38.0019958,128.6187189,벌-재래종,7,2305
35.8869663,127.8205443,벌-재래종,1,4217
36.9256095,128.9603713,벌-재래종,65,3151
37.5631941,128.3127372,벌-재래종,1,7113
36.3321473,128.8067483,벌-재래종,1,2714
37.2237462,128.6427344,벌-재래종,5,5271
38.1700928,127.7093384,벌-재래종,5,2591
37.5893415,127.4947634,벌-재래종,2,4110
36.9796571,128.3675653,벌-재래종,2,5230
35.7070291,127.1532238,벌-재래종,20,4043
35.3608443,128.4593874,벌-개량종,1,8915
37.5558764,127.5817911,벌-재래종,4,2517
36.3351104,128.9174135,벌-재래종,9,6118
34.7040567,127.1445908,벌-재래종,1,1550
36.9796571,128.3675653,벌-재래종,1,5230
35.8869663,127.8205443,벌-재래종,13,4217
35.8869663,127.8205443,벌-재래종,3,4217
37.7979718,126.3953013,벌-재래종,26,33
37.1919741,128.5989961,벌-재래종,2,1868
35.2164841,126.5568892,벌-개량종,100,1966
37.5690079,128.3547193,벌-재래종,2,7113
37.3628576,128.4182448,벌-재래종,7,6601
38.0087006,128.1617215,벌-재래종,2,5984
37.6147161,127.8863288,벌-재래종,4,3597
37.9993658,128.3250403,벌-재래종,3,7126
38.0466608,128.3851271,벌-재래종,3,7126
37.8140141,128.1452309,벌-재래종,3,1048
37.3411588,126.7220994,벌-재래종,2,7463
37.9429407,127.4806675,벌-재래종,3,1630
37.9429407,127.4806675,벌-재래종,6,1630
35.5646226,127.1343061,벌-재래종,4,176
36.3321473,128.8067483,벌-재래종,3,2714
37.7267059,126.9116461,벌-재래종,10,4805
34.7026119,127.1659258,벌-재래종,1,1550
34.3936351,126.5418454,벌-재래종,1,2832
37.6020683,127.9591221,벌-재래종,4,4266
37.2140877,129.3262249,벌-개량종,51,8877
36.4785066,129.1679121,벌-재래종,75,2743
36.9635809,127.9320017,벌-재래종,4,4249
37.8708318,126.9915122,벌-개량종,1,4826
36.3231567,128.8736824,벌-재래종,2,6118
36.3321473,128.8067483,벌-재래종,2,2714
35.2867911,126.5237272,벌-재래종,1,749
35.0878407,127.6114145,벌-재래종,1,7574
35.0878407,127.6114145,벌-재래종,1,7574
35.1849378,127.3547925,벌-재래종,1,193
36.4785066,129.1679121,벌-재래종,13,2743
37.3411588,126.7220994,벌-재래종,5,7463
37.5558764,127.5817911,벌-재래종,3,2517
37.2772238,128.1975847,벌-재래종,1,652
35.121549,127.3677518,벌-재래종,1,193
35.6618261,129.4303147,벌-개량종,50,723
36.3231567,128.8736824,벌-재래종,2,6118
36.4571359,129.3230741,벌-재래종,115,1925
35.2053772,128.1165386,벌-재래종,150,7631
36.7047911,128.8286576,벌-재래종,8,3704
38.0375603,128.5476157,벌-재래종,9,2678
37.4048732,128.1453026,벌-재래종,1,6568
36.2648464,127.404001,벌-재래종,2,198
36.3321473,128.8067483,벌-재래종,2,2714
37.3526611,127.8023805,벌-재래종,29,4213
35.0389006,126.9988465,벌-개량종,1,6809
34.7040567,127.1445908,벌-재래종,1,1550
34.7040567,127.1445908,벌-재래종,1,1550
37.9529831,128.1965588,벌-재래종,4,654
37.9529831,128.1965588,벌-재래종,1,654
37.8059381,127.8497773,벌-재래종,4,5131
37.7120915,127.7440552,벌-재래종,4,4190
37.5933552,128.1664828,벌-재래종,3,7082
37.8228476,127.9549594,벌-재래종,7,636
37.8059381,127.8497773,벌-재래종,1,5131
35.6899474,127.3178602,벌-재래종,6,6868
37.3728454,128.4052788,벌-재래종,2,6601
35.6019213,127.1434343,벌-재래종,23,176
37.5631941,128.3127372,벌-재래종,2,7113
34.4439909,126.5877817,벌-재래종,1,7453
37.3411588,126.7220994,벌-재래종,1,7463
37.5710458,127.6416006,벌-재래종,9,2158
37.8173563,128.0004157,벌-재래종,3,636
37.7410335,128.0839616,벌-재래종,1,6562
38.1922602,128.1994956,벌-재래종,3,2253
37.9478221,128.142228,벌-재래종,1,1775
37.7072744,128.9161633,벌-개량종,60,2722
37.7120915,127.7440552,벌-재래종,1,4190
37.6518777,127.74339,벌-재래종,20,975
37.6324523,127.7520913,벌-재래종,5,975
36.6536828,128.9347622,벌-재래종,1,3704
38.0834935,128.4610259,벌-재래종,6,2678
37.7953885,128.0466435,벌-재래종,3,6562
37.4405188,127.8508915,벌-재래종,51,4213
37.5066872,127.4717254,벌-재래종,2,1450
35.5988084,127.3825703,벌-재래종,50,8433
37.50515,128.6013888,벌-재래종,3,2684
36.3321473,128.8067483,벌-재래종,6,2714
37.4392596,129.1784042,벌-개량종,40,1435
37.2140877,129.3262249,벌-개량종,20,8877
37.2340491,129.1662579,벌-개량종,80,6135
37.3608544,129.1989029,벌-개량종,150,7725
35.2714721,127.8166414,벌-재래종,2,7011
37.5847694,128.6407562,벌-개량종,40,1140
37.5847694,128.6407562,벌-개량종,30,1140
37.5847694,128.6407562,벌-개량종,29,1140
37.4351307,128.1088047,벌-재래종,3,6568
36.6966455,128.969731,벌-재래종,1,8859
37.0060873,128.9653695,벌-재래종,1,1891
36.9225591,128.8623667,벌-재래종,1,1882
37.5631941,128.3127372,벌-재래종,1,7113
37.5631941,128.3127372,벌-재래종,1,7113
37.2534286,128.726245,벌-재래종,4,1875
38.1681838,128.1786506,벌-재래종,5,5977
35.6990304,127.590711,벌-재래종,18,4118
37.7356068,128.2378592,벌-재래종,4,3640
37.7376414,128.875436,벌-개량종,20,6653
35.2202574,127.3881185,벌-재래종,1,6888
37.3728454,128.4052788,벌-재래종,27,6601
37.2220583,128.8218722,벌-재래종,5,7701
37.2597658,128.8729253,벌-재래종,15,6663
34.7026119,127.1659258,벌-재래종,1,1550
34.7026119,127.1659258,벌-재래종,1,1550
34.4608019,127.4680798,벌-재래종,1,213
35.1749839,126.5409272,벌-재래종,3,447
34.7026119,127.1659258,벌-재래종,1,1550
34.7026119,127.1659258,벌-재래종,1,1550
37.6544392,128.7821778,벌-재래종,1,6653
37.7267059,126.9116461,벌-재래종,1,4805
34.9730223,127.1427854,벌-재래종,1,8743
37.5306149,127.5850392,벌-재래종,3,2136
34.7026119,127.1659258,벌-재래종,1,1550
35.8867998,128.4910476,벌-재래종,120,5601
35.8867998,128.4910476,벌-재래종,120,5601
37.9529831,128.1965588,벌-재래종,1,654
37.245738,129.0698695,벌-재래종,3,1433
38.0087006,128.1617215,벌-재래종,4,5984
37.5893415,127.4947634,벌-재래종,2,4110
37.5893415,127.4947634,벌-재래종,1,4110
37.763285,127.5286119,벌-재래종,10,926
36.4837622,128.8900474,벌-재래종,1,7407
37.0060873,128.9653695,벌-재래종,1,1891
37.0060873,128.9653695,벌-재래종,1,1891
36.6648281,127.6731019,벌-재래종,2,6490
36.9635809,127.9320017,벌-재래종,5,4249
35.3338895,129.1732717,벌-재래종,3,1437
34.7015684,127.0514942,벌-재래종,1,1533
37.50515,128.6013888,벌-재래종,3,2684
37.6011843,128.2265769,벌-재래종,1,656
36.3645223,129.3873596,벌-재래종,110,431
35.1849378,127.3547925,벌-재래종,1,193
37.4431918,128.8718084,벌-재래종,2,701
37.0060873,128.9653695,벌-재래종,2,1891
36.9786453,128.85124,벌-재래종,2,1882
37.3728454,128.4052788,벌-재래종,2,6601
37.6361022,128.3700029,벌-재래종,1,5632
37.6110372,128.0775996,벌-재래종,1,8128
37.3675393,128.1159262,벌-재래종,2,6568
37.6192937,127.5376046,벌-재래종,1,2517
36.8072658,127.4319402,벌-개량종,400,195
37.6622733,128.5594295,벌-재래종,6,7167
37.4515774,127.654413,벌-재래종,4,5915
38.0834935,128.4610259,벌-재래종,12,2678
37.6784735,127.9151229,벌-재래종,2,3597
36.3735292,128.9007835,벌-재래종,2,7407
36.5211412,128.555425,벌-재래종,1,3691
35.4196814,127.6117698,벌-개량종,15,500
34.7040567,127.1445908,벌-재래종,1,1550
34.7040567,127.1445908,벌-재래종,1,1550
38.1453645,128.1335981,벌-재래종,3,648
37.6361022,128.3700029,벌-재래종,2,5632
36.3085008,128.2774354,벌-개량종,300,7107
35.0160601,127.0127779,벌-재래종,1,6809
34.7040567,127.1445908,벌-재래종,1,1550
37.5558764,127.5817911,벌-재래종,4,2517
37.5306149,127.5850392,벌-재래종,10,2136
37.5306149,127.5850392,벌-재래종,8,2136
34.4668234,126.8357079,벌-재래종,1,4777
37.7120915,127.7440552,벌-재래종,9,4190
36.630742,128.9132417,벌-재래종,1,3704
37.5307719,128.7275235,벌-재래종,31,2712
37.0565536,128.7909086,벌-재래종,5,4400
36.5789495,128.7192854,벌-재래종,8,1877
34.7015684,127.0514942,벌-재래종,1,1533
35.1849378,127.3547925,벌-재래종,1,193
35.0117982,126.8818047,벌-재래종,1,101
34.7026119,127.1659258,벌-재래종,1,1550
34.7026119,127.1659258,벌-재래종,1,1550
34.7026119,127.1659258,벌-재래종,1,1550
37.2132563,129.0268626,벌-개량종,180,5297
37.1922511,128.8706731,벌-재래종,2,1166
38.1002164,127.749467,벌-개량종,50,4212
37.2764225,127.355345,벌-재래종,1,7538
37.3675393,128.1159262,벌-재래종,1,6568
35.7397064,127.1401714,벌-재래종,38,4041
37.8303719,127.8955118,벌-재래종,5,636
36.9448146,128.9381286,벌-재래종,1,3151
36.3735292,128.9007835,벌-재래종,2,7407
37.017043,128.8162766,벌-재래종,4,1162
35.5640875,127.2965426,벌-개량종,300,176
35.5640875,127.2965426,벌-개량종,30,176
37.3437715,127.1194183,벌-재래종,5,802
35.1749839,126.5409272,벌-재래종,2,447
34.7026119,127.1659258,벌-재래종,1,1550
36.4518737,129.4294626,벌-재래종,20,431
37.7770615,128.0156889,벌-재래종,2,8495
37.6011843,128.2265769,벌-재래종,2,656
36.7047911,128.8286576,벌-재래종,29,3704
36.8744093,128.8887244,벌-재래종,4,1887
36.6932767,128.7045904,벌-재래종,5,3704
36.139544,127.7420999,벌-개량종,58,507
34.5278304,126.8366131,벌-재래종,1,2005
36.8494311,127.6500498,벌-개량종,200,4171
36.9694817,128.7708492,벌-재래종,7,3142
34.7128412,127.1870253,벌-재래종,1,2054
37.9529831,128.1965588,벌-재래종,2,654
37.5558764,127.5817911,벌-재래종,3,2517
36.0302856,127.9284691,벌-재래종,7,2217
34.7015684,127.0514942,벌-재래종,1,1533
37.5019304,128.7080385,벌-재래종,10,2712
37.753529,127.6204995,벌-재래종,3,255
37.763285,127.5286119,벌-재래종,1,926
37.6139354,128.1511451,벌-재래종,10,7082
38.1453645,128.1335981,벌-재래종,1,648
35.6030592,127.596053,벌-재래종,16,597
34.7015684,127.0514942,벌-재래종,2,1533
37.4048732,128.1453026,벌-재래종,2,6568
37.017043,128.8162766,벌-재래종,3,1162
35.4993716,128.3894438,벌-개량종,380,8550
37.2082712,129.2480702,벌-재래종,10,8877
36.6178391,127.60997,벌-재래종,15,269
37.6118996,128.3758853,벌-재래종,1,5632
35.0987453,126.6155714,벌-재래종,2,4510
37.763285,127.5286119,벌-재래종,5,926
37.5107169,127.6332539,벌-재래종,6,2136
36.0302856,127.9284691,벌-재래종,5,2217
36.8006931,127.1224079,벌-재래종,9,141
37.7803639,127.9135629,벌-재래종,6,636
37.7803639,127.9135629,벌-재래종,10,636
37.7803639,127.9135629,벌-재래종,5,636
37.6644484,128.4015336,벌-재래종,1,5632
34.7015684,127.0514942,벌-재래종,1,1533
36.372711,127.1396642,벌-재래종,5,478
38.2264721,128.2324778,벌-재래종,4,2253
37.2919744,128.7445776,벌-재래종,12,7183
35.2714721,127.8166414,벌-재래종,13,7011
37.539564,128.1012695,벌-재래종,2,7082
37.4048732,128.1453026,벌-재래종,1,6568
37.4351307,128.1088047,벌-재래종,8,6568
35.7511633,128.6213796,벌-개량종,1,531
34.7015684,127.0514942,벌-재래종,1,1533
35.1378377,128.5161745,벌-재래종,2,8841
35.123976,128.805758,벌-재래종,1,8228
35.1183254,128.5820345,벌-재래종,21,8841
37.6644484,128.4015336,벌-재래종,2,5632
37.3675393,128.1159262,벌-재래종,1,6568
35.0389006,126.9988465,벌-재래종,1,6809
37.9429407,127.4806675,벌-재래종,1,1630
34.9918255,127.1324743,벌-재래종,1,8743
34.9916145,126.9880128,벌-개량종,1,6809
34.9918255,127.1324743,벌-재래종,1,8743
36.7877626,129.2030091,벌-재래종,62,718
36.8120935,128.6416647,벌-개량종,1,401
36.9786453,128.85124,벌-재래종,3,1882
36.9786453,128.85124,벌-재래종,25,1882
36.7858857,126.4598336,벌-재래종,13,2796
35.8134957,127.2866581,벌-재래종,11,2472
37.4332607,128.143289,벌-재래종,2,6568
37.539564,128.1012695,벌-재래종,5,7082
37.7754348,128.1419051,벌-재래종,2,6562
36.751179,128.9409492,벌-재래종,2,8859
37.2310597,129.0577581,벌-재래종,14,536
37.4645144,127.9905951,벌-재래종,3,7056
36.4571359,129.3230741,벌-재래종,30,1925
36.4785066,129.1679121,벌-재래종,120,2743
38.2715512,128.2609359,벌-재래종,4,1079
35.2714721,127.8166414,벌-재래종,6,7011
37.5306149,127.5850392,벌-재래종,8,2136
37.5306149,127.5850392,벌-재래종,10,2136
37.5558764,127.5817911,벌-재래종,4,2517
36.8929232,127.573778,벌-개량종,15,497
37.6644484,128.4015336,벌-재래종,1,5632
37.5631941,128.3127372,벌-재래종,2,7113
37.5893415,127.4947634,벌-재래종,1,4110
34.7347053,127.0449183,벌-재래종,1,4546
35.433975,127.6260086,벌-재래종,22,4569
37.5558764,127.5817911,벌-재래종,4,2517
35.9489306,129.4207583,벌-개량종,30,4456
36.0226985,127.9082523,벌-재래종,8,319
36.4483495,128.3463791,벌-개량종,70,373
36.474209,128.362204,벌-개량종,150,373
36.0302856,127.9284691,벌-재래종,8,2217
35.433975,127.6260086,벌-재래종,42,4569
37.9993658,128.3250403,벌-재래종,3,7126
35.354195,127.5896257,벌-재래종,1,911
38.0815097,127.4702373,벌-재래종,13,6919
35.7169648,127.1893559,벌-재래종,30,4043
37.6671652,127.967412,벌-개량종,30,4266
35.1378377,128.5161745,벌-재래종,2,8841
37.8624543,128.2199006,벌-재래종,12,2626
37.9429407,127.4806675,벌-재래종,2,1630
37.497971,127.5050639,벌-재래종,1,3738
38.0834935,128.4610259,벌-재래종,6,2678
35.0735153,127.7475564,벌-재래종,16,8466
36.428639,127.8227737,벌-개량종,400,285
37.3728454,128.4052788,벌-재래종,8,6601
35.5507352,127.4770543,벌-재래종,4,8047
36.4518737,129.4294626,벌-재래종,27,431
36.2063308,127.3890182,벌-재래종,1,198
36.4518737,129.4294626,벌-재래종,40,431
37.615778,127.772086,벌-재래종,2,975
37.412114,128.2193256,벌-재래종,3,655
35.8167838,127.1984944,벌-재래종,20,2472
35.5520282,127.7022051,벌-개량종,150,6992
35.0878407,127.6114145,벌-재래종,7,7574
38.0834935,128.4610259,벌-재래종,12,2678
37.3852166,128.3913906,벌-재래종,19,6601
37.3340143,128.3903643,벌-재래종,2,6601
37.5631941,128.3127372,벌-재래종,1,7113
38.1219556,128.3101926,벌-재래종,7,2641
37.3628576,128.4182448,벌-재래종,1,6601
37.6644484,128.4015336,벌-재래종,1,5632
37.4498916,128.1823372,벌-재래종,8,6568
36.4964149,127.1175656,벌-개량종,1,2039
37.6634847,128.203636,벌-재래종,2,1799
37.4048732,128.1453026,벌-재래종,2,6568
37.4048732,128.1453026,벌-재래종,1,6568
37.9894237,128.116951,벌-재래종,1,1775
37.866666,128.3416211,벌-재래종,12,669
36.4345714,126.8771037,벌-개량종,100,1517
36.4345714,126.8771037,벌-개량종,100,1517
36.4345714,126.8771037,벌-개량종,100,1517
36.5938136,128.5571271,벌-개량종,1,3691
37.6644484,128.4015336,벌-재래종,1,5632
37.0060873,128.9653695,벌-재래종,2,1891
36.0665695,127.3792702,벌-재래종,62,196
37.8624543,128.2199006,벌-재래종,1,2626
38.1681838,128.1786506,벌-재래종,3,5977
38.1219556,128.3101926,벌-재래종,3,2641
37.8624543,128.2199006,벌-재래종,1,2626
37.6386536,128.5377634,벌-재래종,2,686
35.1934074,127.2851201,벌-재래종,1,7974
37.1225804,128.9502692,벌-재래종,2,705
37.7216909,127.722363,벌-재래종,2,4190
37.2534286,128.726245,벌-재래종,5,1875
37.9220961,128.4038892,벌-재래종,13,677
37.6644484,128.4015336,벌-재래종,1,5632
37.6644484,128.4015336,벌-재래종,3,5632
37.4332607,128.143289,벌-재래종,4,6568
37.3162611,127.8333974,벌-재래종,13,4213
35.3363846,127.9217038,벌-재래종,18,2208
35.2714721,127.8166414,벌-재래종,9,7011
35.2714721,127.8166414,벌-재래종,5,7011
35.121549,127.3677518,벌-재래종,1,193
37.3382632,127.9559957,벌-재래종,2,3041
37.7120915,127.7440552,벌-재래종,3,4190
36.9635809,127.9320017,벌-재래종,14,4249
37.0572925,128.4364592,벌-재래종,6,679
35.0436072,127.112621,벌-개량종,1,8742
35.6398854,127.3985765,벌-재래종,59,8433
35.6305091,127.3303778,벌-개량종,100,8433
35.6398854,127.3985765,벌-재래종,1,8433
37.3675393,128.1159262,벌-재래종,3,6568
37.4493679,127.1022852,벌-개량종,20,805
37.5631941,128.3127372,벌-재래종,1,7113
37.7142062,128.1824685,벌-재래종,1,1799
37.4048732,128.1453026,벌-재래종,1,6568
35.4931652,127.2389306,벌-개량종,90,176
37.4021616,127.676899,벌-재래종,20,8072
38.1681838,128.1786506,벌-재래종,16,5977
37.6644484,128.4015336,벌-재래종,2,5632
38.1922602,128.1994956,벌-재래종,1,2253
35.1849378,127.3547925,벌-재래종,4,193
36.0126583,127.8978469,벌-재래종,10,319
37.4048732,128.1453026,벌-재래종,1,6568
37.4615935,128.153439,벌-재래종,4,6568
37.7953885,128.0466435,벌-재래종,27,6562
37.4615935,128.153439,벌-재래종,3,6568
35.5798635,127.1981911,벌-개량종,50,176
37.3293308,126.918427,벌-개량종,2,4798
36.6389298,128.2201196,벌-개량종,1,2373
37.4048732,128.1453026,벌-재래종,2,6568
36.6679285,128.5584835,벌-재래종,2,391
37.6118996,128.3758853,벌-재래종,2,5632
37.6361022,128.3700029,벌-재래종,3,5632
35.2037356,127.3675408,벌-재래종,1,6888
38.0466608,128.3851271,벌-재래종,5,7126
37.6361022,128.3700029,벌-재래종,2,5632
38.0466608,128.3851271,벌-재래종,4,7126
37.8258631,128.0921497,벌-재래종,4,1048
36.6839838,126.5831038,벌-개량종,50,1974
35.8167838,127.1984944,벌-재래종,9,2472
36.3462323,127.9202627,벌-재래종,6,3048
37.6037604,128.3210882,벌-재래종,2,2259
37.5631941,128.3127372,벌-재래종,2,7113
37.6814752,127.6318406,벌-재래종,10,2550
37.0060873,128.9653695,벌-재래종,2,1891
36.9786453,128.85124,벌-재래종,3,1882
38.5393784,128.3767215,벌-재래종,20,6610
35.3363846,127.9217038,벌-개량종,3,2208
35.1223615,126.6091503,벌-재래종,1,6238
37.6644484,128.4015336,벌-재래종,2,5632
34.7347053,127.0449183,벌-재래종,1,4546
37.4531546,129.1559572,벌-개량종,70,1435
37.4579607,129.1460745,벌-개량종,200,421
36.4518737,129.4294626,벌-재래종,20,431
35.3897255,127.829636,벌-재래종,5,8475
35.4412163,127.4091203,벌-재래종,1,4115
37.6506105,126.8479415,벌-개량종,20,83
37.017043,128.8162766,벌-재래종,1,1162
37.2534286,128.726245,벌-재래종,3,1875
36.29654,126.8670582,벌-개량종,9,2002
36.9395457,127.997495,벌-개량종,80,4249
37.4498916,128.1823372,벌-재래종,1,6568
35.2714721,127.8166414,벌-재래종,38,7011
36.0675456,128.2714806,벌-개량종,300,1829
35.1757137,127.3359261,벌-재래종,1,193
35.121549,127.3677518,벌-재래종,7,193
35.1077764,127.2000409,벌-개량종,1,7942
35.1378377,128.5161745,벌-재래종,1,8841
38.2355632,127.9878123,벌-개량종,1,5967
34.9964708,127.0719319,벌-재래종,1,6809
36.2136951,129.0125484,벌-재래종,3,6118
35.0119675,127.0777038,벌-재래종,1,6809
35.0807573,127.087375,벌-재래종,1,7942
35.0119675,127.0777038,벌-재래종,7,6809
37.694464,128.2708307,벌-재래종,2,663
37.4498916,128.1823372,벌-재래종,3,6568
36.6389298,128.2201196,벌-개량종,5,2373
37.1890654,129.0362358,벌-재래종,50,1431
37.6814752,127.6318406,벌-재래종,20,2550
36.9002638,128.1552132,벌-재래종,3,1825
36.4762887,129.1340697,벌-재래종,2,2743
36.4785066,129.1679121,벌-재래종,50,2743
37.258505,128.8253618,벌-재래종,5,704
34.9811271,127.0915996,벌-재래종,1,8742
34.9964708,127.0719319,벌-재래종,1,6809
36.7659693,127.7038728,벌-재래종,5,6490
36.9786453,128.85124,벌-재래종,6,1882
37.6644484,128.4015336,벌-재래종,2,5632
37.6644484,128.4015336,벌-재래종,2,5632
38.1681838,128.1786506,벌-재래종,2,5977
35.200009,126.9515173,벌-개량종,1,560
35.200009,126.9515173,벌-개량종,1,560
35.1556824,127.2116211,벌-재래종,4,6828
36.8308912,128.6942083,벌-개량종,2,401
35.7169648,127.1893559,벌-재래종,12,4043
36.9781712,128.9144704,벌-재래종,8,1167
37.3352646,128.6022225,벌-재래종,2,4390
35.2344191,127.2867937,벌-재래종,2,2076
35.2344191,127.2867937,벌-재래종,3,2076
35.1556824,127.2116211,벌-재래종,7,6828
34.7026119,127.1659258,벌-재래종,1,1550
35.1998713,127.4104679,벌-재래종,1,7551
35.1998713,127.4104679,벌-재래종,1,7551
35.6634688,128.4027436,벌-개량종,30,7669
35.1986439,127.4529926,벌-재래종,1,7551
34.7015684,127.0514942,벌-재래종,1,1533
36.9781712,128.9144704,벌-재래종,4,1167
37.4358164,129.1399179,벌-개량종,60,1435
37.4381764,128.2000497,벌-재래종,2,7098
35.121549,127.3677518,벌-재래종,2,193
36.9786453,128.85124,벌-재래종,4,1882
36.6583598,128.8915154,벌-재래종,1,3704
37.017043,128.8162766,벌-재래종,2,1162
37.245738,129.0698695,벌-재래종,7,1433
36.4838784,126.7898453,벌-재래종,15,5417
37.7142062,128.1824685,벌-재래종,2,1799
35.121549,127.3677518,벌-재래종,30,193
37.6644484,128.4015336,벌-재래종,1,5632
38.0466608,128.3851271,벌-재래종,2,7126
35.2513297,127.3842655,벌-재래종,1,7551
34.9624053,127.5650821,벌-재래종,1,7574
37.7142062,128.1824685,벌-재래종,3,1799
36.955982,127.6337621,벌-개량종,250,5905
38.0466608,128.3851271,벌-재래종,1,7126
35.1934074,127.2851201,벌-재래종,2,7974
35.1934074,127.2851201,벌-재래종,4,7974
36.7047911,128.8286576,벌-재래종,4,3704
36.9786453,128.85124,벌-재래종,1,1882
38.0466608,128.3851271,벌-재래종,4,7126
35.1934074,127.2851201,벌-재래종,3,7974
38.0466608,128.3851271,벌-재래종,2,7126
36.4785066,129.1679121,벌-재래종,50,2743
36.9225014,128.1364956,벌-재래종,19,1825
37.017043,128.8162766,벌-재래종,1,1162
36.6389298,128.2201196,벌-개량종,140,2373
36.2136951,129.0125484,벌-재래종,1,6118
36.6966455,128.969731,벌-재래종,5,8859
36.2136951,129.0125484,벌-재래종,1,6118
35.1934074,127.2851201,벌-재래종,15,7974
38.0466608,128.3851271,벌-재래종,2,7126
38.1453645,128.1335981,벌-재래종,1,648
35.1556824,127.2116211,벌-재래종,1,6828
38.0466608,128.3851271,벌-재래종,1,7126
37.7120915,127.7440552,벌-재래종,6,4190
35.0317078,127.5730566,벌-재래종,7,7574
36.5789495,128.7192854,벌-개량종,1,1877
35.2495331,127.1779403,벌-개량종,100,3395
34.8780837,126.9078796,벌-개량종,1,8382
35.4797722,127.698092,벌-재래종,5,6992
35.1556824,127.2116211,벌-재래종,2,6828
36.527337,128.1444098,벌-개량종,200,3629
37.6078802,127.7290553,벌-재래종,1,5079
37.4498916,128.1823372,벌-재래종,1,6568
35.0795439,126.5604999,벌-재래종,12,6238
37.017043,128.8162766,벌-재래종,3,1162
37.017043,128.8162766,벌-재래종,8,1162
35.6192242,127.248168,벌-개량종,140,176
35.6192242,127.248168,벌-개량종,140,176
36.6839838,126.5831038,벌-개량종,50,1974
37.704929,127.8953907,벌-재래종,5,3597
37.6634847,128.203636,벌-재래종,4,1799
37.7120915,127.7440552,벌-재래종,21,4190
35.4797722,127.698092,벌-재래종,5,6992
36.9405735,127.855825,벌-재래종,5,8472
35.1474739,127.3627599,벌-재래종,18,193
37.6078802,127.7290553,벌-재래종,2,5079
37.7016228,128.8379164,벌-개량종,20,6653
37.2082712,129.2480702,벌-재래종,6,8877
36.6966455,128.969731,벌-재래종,4,8859
37.6078802,127.7290553,벌-재래종,7,5079
37.7142062,128.1824685,벌-재래종,9,1799
37.7142062,128.1824685,벌-재래종,2,1799
36.6839838,126.5831038,벌-개량종,50,1974
37.7267059,126.9116461,벌-재래종,8,4805
34.9992997,126.6187141,벌-재래종,1,1479
35.0887865,126.5205687,벌-재래종,3,1242
35.0887865,126.5205687,벌-재래종,2,1242
35.0988227,126.6579998,벌-재래종,1,6256
35.0887865,126.5205687,벌-재래종,1,1242
37.7216909,127.722363,벌-재래종,5,4190
37.7142062,128.1824685,벌-재래종,4,1799
37.3619937,128.3598571,벌-재래종,3,6601
37.3728454,128.4052788,벌-재래종,4,6601
37.3619937,128.3598571,벌-재래종,9,6601
37.4048732,128.1453026,벌-재래종,1,6568
37.4615935,128.153439,벌-재래종,1,6568
36.7806849,127.2953255,벌-재래종,2,856
37.3728454,128.4052788,벌-재래종,8,6601
36.7806849,127.2953255,벌-재래종,3,856
37.3910274,128.9927715,벌-개량종,60,1182
36.2348288,128.5647509,벌-개량종,30,8556
37.8315284,128.8219993,벌-개량종,120,6653
36.2945638,129.0464878,벌-재래종,1,7719
37.3737093,128.0116955,벌-개량종,5,3041
35.2343442,128.8318904,벌-재래종,5,8228
37.7370004,127.4190182,벌-재래종,1,4966
35.1957011,128.4999975,벌-재래종,1,8841
35.4797722,127.698092,벌-재래종,4,6992
35.61436,127.2851097,벌-재래종,8,176
34.9128619,126.6420286,벌-재래종,1,7460
35.1268935,126.569878,벌-재래종,1,6238
37.0953283,127.1832377,벌-재래종,3,6356
37.7307329,127.1373616,벌-재래종,2,6353
37.178741,127.5891868,벌-개량종,68,232
37.4021616,127.676899,벌-재래종,12,8072
34.6023284,127.4256431,벌-재래종,1,6405
35.7072023,127.9379667,벌-개량종,300,8115
37.5379354,129.0927233,벌-개량종,300,2739
36.8320043,127.7337388,벌-재래종,11,4193
36.689657,128.064647,벌-재래종,2,645
33.4545419,126.3563016,벌-재래종,2,8273
34.9916145,126.9880128,벌-개량종,10,6809
37.8560252,127.8469846,벌-재래종,31,629
33.4790176,126.3976001,벌-개량종,1,542
37.949804,126.8874703,벌-재래종,2,4808
35.6128908,127.3454045,벌-개량종,50,176
35.5990812,127.314855,벌-개량종,20,176
35.6016867,127.1755408,벌-재래종,1,176
35.4151198,127.7807653,벌-재래종,8,2567
35.5749948,127.3247378,벌-재래종,68,176
35.2406252,126.746821,벌-재래종,8,4522
36.3616331,128.7962705,벌-재래종,2,2714
37.5319136,129.0996014,벌-재래종,36,2739
35.7555413,127.0893369,벌-재래종,7,4041
35.8703189,127.2653376,벌-재래종,110,2060
35.302315,126.9461278,벌-재래종,1,560
35.433975,127.6260086,벌-개량종,80,4569
36.4016276,128.8287914,벌-재래종,3,7407
35.4151198,127.7807653,벌-재래종,3,2567
33.3064679,126.4426404,벌-재래종,5,3753
35.2480059,126.9756866,벌-개량종,10,560
37.7652984,126.7859757,벌-재래종,7,77
36.7047911,128.8286576,벌-재래종,3,3704
37.8213525,127.4368324,벌-재래종,4,890
35.61436,127.2851097,벌-재래종,1,176
36.9694817,128.7708492,벌-재래종,4,3142
36.6966455,128.969731,벌-재래종,4,8859
36.9256095,128.9603713,벌-재래종,7,3151
36.6393275,128.5140897,벌-재래종,1,391
35.5749948,127.3247378,벌-재래종,54,176
35.4176317,127.546666,벌-재래종,3,911
35.6414668,127.201126,벌-재래종,90,4043
36.3321473,128.8067483,벌-재래종,6,2714
36.3387497,127.5502399,벌-재래종,40,4994
36.3321473,128.8067483,벌-재래종,6,2714
35.3999107,127.5958244,벌-재래종,3,500
37.4472938,127.6700914,벌-재래종,3,6983
35.6010073,126.4997293,벌-재래종,9,8329
37.497971,127.5050639,벌-재래종,3,3738
37.9763688,128.0820625,벌-재래종,10,1775
37.5914038,127.2168206,벌-재래종,29,485
33.4778131,126.4518312,벌-개량종,1,542
36.9844958,127.8472485,벌-재래종,7,8472
36.9395486,128.7902001,벌-재래종,40,3142
36.9786453,128.85124,벌-재래종,28,1882
37.296082,129.1155653,벌-재래종,18,1433
37.5430033,127.2926447,벌-재래종,1,3428
36.795644,127.8382474,벌-재래종,7,283
37.357463,128.6897039,벌-재래종,4,7689
37.5939121,128.5844613,벌-재래종,3,1870
37.4823024,127.5245592,벌-재래종,1,3738
34.3835699,126.5660443,벌-재래종,31,2832
35.0389006,126.9988465,벌-개량종,1,6809
37.3628576,128.4182448,벌-재래종,5,6601
34.8250192,127.2664881,벌-재래종,1,6386
35.6414668,127.201126,벌-재래종,150,4043
35.3550719,126.9948641,벌-재래종,1,560
37.5914038,127.2168206,벌-재래종,6,485
36.9635809,127.9320017,벌-재래종,3,4249
35.891691,127.3976681,벌-재래종,8,3444
37.2775872,128.0831466,벌-재래종,3,1046
35.1077764,127.2000409,벌-재래종,30,7942
36.737561,127.8549567,벌-재래종,4,283
37.0175465,127.7047799,벌-재래종,30,289
36.737561,127.8549567,벌-재래종,3,283
36.795644,127.8382474,벌-재래종,2,283
37.3625666,128.5877391,벌-재래종,11,6047
36.4628137,128.4016703,벌-재래종,9,373
36.8109986,126.393996,벌-재래종,1,4653
37.8764886,128.0984423,벌-재래종,6,2244
36.3683863,128.0369352,벌-재래종,1,328
37.9429407,127.4806675,벌-재래종,7,1630
37.1519766,129.2868795,벌-개량종,35,8877
35.6028238,127.4073324,벌-재래종,5,8433
37.2816624,128.0198556,벌-재래종,5,7044
33.4242628,126.4714854,벌-개량종,2,4685
37.5048669,128.4671105,벌-재래종,5,681
37.497971,127.5050639,벌-재래종,2,3738
37.0186463,128.8734902,벌-재래종,6,2313
36.8004842,128.7944095,벌-재래종,13,7702
37.3905072,128.7218619,벌-재래종,12,7689
37.8213525,127.4368324,벌-재래종,2,890
36.795644,127.8382474,벌-재래종,3,283
36.9796571,128.3675653,벌-재래종,5,5230
36.3351104,128.9174135,벌-재래종,8,6118
36.3735292,128.9007835,벌-재래종,22,7407
35.7169648,127.1893559,벌-재래종,140,4043
36.9395457,127.997495,벌-재래종,360,4249
35.6094674,127.1158277,벌-재래종,178,176
37.6110372,128.0775996,벌-개량종,62,8128
37.4823024,127.5245592,벌-재래종,2,3738
35.354195,127.5896257,벌-재래종,1,911
35.4920078,128.3249929,벌-재래종,1,8536
37.2333707,128.9569401,벌-재래종,36,3153
35.4920078,128.3249929,벌-재래종,1,8536
35.4920078,128.3249929,벌-재래종,1,8536
34.7252595,127.3394142,벌-재래종,8,201
34.7026119,127.1659258,벌-재래종,70,1550
37.7594062,128.5710184,벌-재래종,2,1137
37.6760295,128.0480344,벌-재래종,6,8495
37.6386536,128.5377634,벌-재래종,6,686
37.743516,127.3173939,벌-재래종,1,173
37.9429407,127.4806675,벌-재래종,4,1630
36.6393275,128.5140897,벌-재래종,3,391
36.3371588,127.8960781,벌-재래종,1,7030
37.5779448,128.5344673,벌-재래종,5,2683
37.346617,128.368184,벌-재래종,4,6601
36.9454457,128.0250168,벌-재래종,5,4249
35.8877503,129.4453564,벌-재래종,1,8896
37.5819651,128.7568297,벌-재래종,20,1157
37.3483037,129.0349719,벌-재래종,5,2734
37.4945468,127.4887109,벌-개량종,2,3738
36.9781712,128.9144704,벌-재래종,2,1167
35.6232241,127.3953874,벌-재래종,16,8433
35.2979526,126.9007776,벌-재래종,1,560
37.429998,128.5534602,벌-개량종,15,680
37.2534286,128.726245,벌-재래종,12,1875
35.8684845,129.2166885,벌-재래종,1,7222
37.4472938,127.6700914,벌-재래종,15,6983
35.9159246,126.6388464,벌-개량종,70,3306
35.5887415,127.2112125,벌-재래종,126,176
37.4823024,127.5245592,벌-재래종,2,3738
37.9307358,127.0322857,벌-개량종,2,1529
36.8484432,127.9865342,벌-재래종,1,7272
37.5631941,128.3127372,벌-재래종,5,7113
37.5126288,126.7989122,벌-개량종,10,80
36.8004842,128.7944095,벌-재래종,10,7702
36.795644,127.8382474,벌-재래종,3,283
37.7356068,128.2378592,벌-재래종,4,3640
37.5794647,127.8659411,벌-재래종,13,3597
37.5048669,128.4671105,벌-재래종,10,681
38.1453645,128.1335981,벌-재래종,5,648
35.7555413,127.0893369,벌-재래종,10,4041
36.6166367,128.2654241,벌-재래종,1,2373
36.6166367,128.2654241,벌-재래종,1,2373
38.0402742,128.0432435,벌-재래종,9,644
37.5531992,128.4677279,벌-재래종,3,681
36.6679285,128.5584835,벌-재래종,5,391
35.6232241,127.3953874,벌-재래종,14,8433
37.4856113,127.8890489,벌-재래종,6,4213
35.4151198,127.7807653,벌-재래종,9,2567
37.8107051,128.2724166,벌-재래종,13,7109
37.3910274,128.9927715,벌-재래종,10,1182
37.7965324,127.7787099,벌-재래종,5,4202
36.7877626,129.2030091,벌-재래종,2,718
35.4259901,127.3648432,벌-재래종,22,1303
37.9763688,128.0820625,벌-재래종,2,1775
36.9836032,128.468242,벌-개량종,1,385
37.7183936,127.5757485,벌-재래종,2,2529
38.1453645,128.1335981,벌-재래종,15,648
35.485308,127.5426539,벌-재래종,2,2128
36.0302856,127.9284691,벌-재래종,2,2217
37.2672498,128.9539575,벌-개량종,80,1179
37.2761431,128.4221375,벌-개량종,200,6617
35.1077764,127.2000409,벌-재래종,16,7942
37.5779448,128.5344673,벌-재래종,8,2683
37.7120915,127.7440552,벌-재래종,10,4190
36.7516478,126.9660455,벌-재래종,1,5448
37.6343265,126.3988995,벌-재래종,2,5650
35.6414668,127.201126,벌-재래종,200,4043
37.0060873,128.9653695,벌-재래종,3,1891
35.9454491,127.3208264,벌-재래종,20,491
35.8975893,127.3115218,벌-재래종,20,2060
35.5363475,126.8081715,벌-개량종,120,770
35.4142743,127.3487711,벌-재래종,25,1303
35.4196814,127.6117698,벌-개량종,16,500
37.6037604,128.3210882,벌-재래종,3,2259
37.6644632,127.6998828,벌-재래종,13,975
35.6030592,127.596053,벌-재래종,10,597
35.822442,127.344502,벌-재래종,33,4064
37.5019304,128.7080385,벌-재래종,4,2712
35.9429234,128.9490738,벌-개량종,250,1178
37.6361022,128.3700029,벌-재래종,3,5632
37.017043,128.8162766,벌-재래종,4,1162
36.9576622,127.2127404,벌-재래종,1,4877
35.354195,127.5896257,벌-재래종,2,911
37.763285,127.5286119,벌-재래종,2,926
36.8484432,127.9865342,벌-재래종,2,7272
34.3748605,126.6614699,벌-재래종,17,3905
36.4518737,129.4294626,벌-재래종,50,431
37.1778476,128.7549387,벌-재래종,3,6652
35.354195,127.5896257,벌-재래종,6,911
37.4261432,126.9184737,벌-개량종,2,4819
35.8134957,127.2866581,벌-재래종,45,2472
37.8764886,128.0984423,벌-재래종,6,2244
37.9429407,127.4806675,벌-재래종,6,1630
37.6685086,127.4860673,벌-재래종,2,3469
37.6617845,127.5291954,벌-재래종,5,2517
35.6269529,129.2847549,벌-재래종,1,430
36.8992222,128.4537971,벌-재래종,2,391
35.6232241,127.3953874,벌-재래종,20,8433
34.4722055,127.2029507,벌-재래종,42,2925
35.354195,127.5896257,벌-재래종,2,911
36.3125036,126.6942481,벌-재래종,1,4515
36.1607314,127.8561939,벌-재래종,30,998
36.0501173,128.589178,벌-재래종,2,1415
36.0501173,128.589178,벌-재래종,2,1415
37.7803639,127.9135629,벌-재래종,6,636
35.6019213,127.1434343,벌-재래종,140,176
37.7952538,127.637333,벌-재래종,5,6466
37.5893415,127.4947634,벌-재래종,2,4110
34.3886384,126.673364,벌-재래종,10,3905
37.866666,128.3416211,벌-재래종,12,669
37.43714,127.4569735,벌-재래종,2,2119
36.0302856,127.9284691,벌-재래종,1,2217
36.6211096,128.1016145,벌-재래종,10,2236
35.891691,127.3976681,벌-재래종,22,3444
36.9694817,128.7708492,벌-재래종,3,3142
35.9718139,127.4414868,벌-재래종,1,6424
37.3312441,126.7691931,벌-개량종,2,3325
34.810344,127.0284393,벌-재래종,61,6327
35.4758135,126.7550335,벌-개량종,1,1252
37.5893415,127.4947634,벌-재래종,3,4110
37.3264572,127.8461587,벌-재래종,30,4213
36.6211096,128.1016145,벌-재래종,3,2236
35.4402894,127.4044142,벌-재래종,1,4115
37.1981957,127.3366783,벌-재래종,2,7544
37.2807191,127.5134139,벌-개량종,1,6911
37.7803639,127.9135629,벌-재래종,14,636
36.9694817,128.7708492,벌-재래종,4,3142
36.3616331,128.7962705,벌-재래종,2,2714
36.9576622,127.2127404,벌-재래종,1,4877
37.0529246,128.2095856,벌-재래종,1,5575
36.795644,127.8382474,벌-재래종,2,283
35.0380394,126.9087248,벌-재래종,40,101
36.8992222,128.4537971,벌-재래종,7,391
35.6019213,127.1434343,벌-재래종,27,176
38.1759283,127.5417197,벌-재래종,5,6919
38.1759283,127.5417197,벌-재래종,15,6919
38.0777327,127.519277,벌-재래종,1,5858
34.8849014,127.3922504,벌-재래종,3,4559
37.8862401,127.2168372,벌-재래종,3,6827
35.7070291,127.1532238,벌-재래종,15,4043
35.6232241,127.3953874,벌-재래종,15,8433
35.6565243,129.1392355,벌-재래종,1,423
35.5118111,129.0765389,벌-재래종,1,420
36.7563769,128.4246026,벌-개량종,70,391
38.0466608,128.3851271,벌-재래종,5,7126
37.8811169,127.5245739,벌-재래종,1,7570
35.6990304,127.590711,벌-재래종,1,4118
37.7228102,127.8432939,벌-재래종,7,633
37.6654255,127.5054068,벌-재래종,5,2517
37.4684441,128.2208537,벌-재래종,72,1804
38.1886627,128.3651816,벌-재래종,11,7134
36.5763417,128.8070598,벌-재래종,6,3704
36.5475881,128.5452575,벌-재래종,73,3691
37.0161648,128.7315613,벌-재래종,2,3142
38.1175251,127.7190584,벌-개량종,8,5067
38.1933008,127.5902416,벌-개량종,10,6919
38.0777327,127.519277,벌-개량종,5,5858
38.0599182,127.553534,벌-재래종,9,5858
38.1220161,127.5227384,벌-개량종,10,6919
37.8594804,127.7837564,벌-재래종,6,8471
37.0527052,128.1900586,벌-개량종,2,5575
35.0611343,128.4556496,벌-재래종,13,1102
37.3116906,127.3799627,벌-재래종,3,5851
35.0237325,128.0824143,벌-재래종,1,341
35.354195,127.5896257,벌-재래종,4,911
36.9833588,127.2304655,벌-재래종,1,1297
37.6814752,127.6318406,벌-재래종,50,2550
37.8228476,127.9549594,벌-재래종,6,636
37.5991199,127.5944092,벌-개량종,10,2550
36.7047911,128.8286576,벌-재래종,1,3704
36.4034175,129.0243083,벌-재래종,1,1904
37.5710458,127.6416006,벌-재래종,4,2158
37.8764886,128.0984423,벌-재래종,12,2244
37.2534286,128.726245,벌-재래종,1,1875
37.9763688,128.0820625,벌-재래종,2,1775
35.6305091,127.3303778,벌-개량종,60,8433
36.0840588,128.4993854,벌-재래종,8,1840
35.6232241,127.3953874,벌-재래종,10,8433
37.6426333,127.8650768,벌-재래종,2,3597
35.6010073,126.4997293,벌-재래종,3,8329
34.3617495,126.6617565,벌-재래종,1,3905
37.2882089,127.8796149,벌-재래종,1,3041
37.4933412,127.8543931,벌-재래종,2,6983
35.2053772,128.1165386,벌-재래종,55,7631
35.4613511,127.7911938,벌-재래종,2,7004
35.6835943,126.674112,벌-재래종,1,1254
37.2775872,128.0831466,벌-재래종,5,1046
37.694464,128.2708307,벌-재래종,18,663
37.3116906,127.3799627,벌-재래종,2,5851
37.7267059,126.9116461,벌-재래종,3,4805
35.1077764,127.2000409,벌-재래종,20,7942
35.2938097,127.9227657,벌-재래종,96,2208
36.929005,127.9105637,벌-재래종,1,4249
38.1759283,127.5417197,벌-재래종,20,6919
38.1759283,127.5417197,벌-재래종,4,6919
38.0777327,127.519277,벌-재래종,35,5858
38.1759283,127.5417197,벌-재래종,2,6919
38.1759283,127.5417197,벌-재래종,17,6919
38.1759283,127.5417197,벌-재래종,15,6919
38.1759283,127.5417197,벌-재래종,14,6919
37.2775872,128.0831466,벌-재래종,7,1046
37.8598438,128.1293578,벌-재래종,2,2244
35.4151198,127.7807653,벌-재래종,5,2567
37.2520769,128.7817425,벌-재래종,4,1880
35.4114491,127.382667,벌-재래종,20,1303
36.9691539,127.9232858,벌-재래종,6,4249
35.0146387,127.6844058,벌-재래종,12,263
37.9429407,127.4806675,벌-재래종,2,1630
37.9429407,127.4806675,벌-재래종,6,1630
36.8484432,127.9865342,벌-재래종,1,7272
34.9918255,127.1324743,벌-재래종,15,8743
34.9908486,126.9213478,벌-재래종,30,101
37.2775872,128.0831466,벌-재래종,2,1046
37.2775872,128.0831466,벌-재래종,2,1046
36.9448146,128.9381286,벌-재래종,8,3151
35.6490244,128.8541177,벌-재래종,3,7193
35.8703189,127.2653376,벌-재래종,30,2060
37.6418514,127.6530618,벌-재래종,7,2550
37.9872585,128.6295139,벌-재래종,13,2305
36.8992222,128.4537971,벌-재래종,8,391
37.7524819,127.437941,벌-재래종,1,4966
35.7690276,128.6778895,벌-개량종,2,7687
36.9691539,127.9232858,벌-재래종,13,4249
38.117962,127.0473841,벌-재래종,17,6825
37.6518777,127.74339,벌-재래종,35,975
36.4616321,128.9410712,벌-재래종,18,7407
37.6535569,127.3319806,벌-재래종,2,180
35.485308,127.5426539,벌-재래종,4,2128
37.9429407,127.4806675,벌-재래종,1,1630
37.9429407,127.4806675,벌-재래종,1,1630
35.354195,127.5896257,벌-재래종,18,911
37.8740024,127.909936,벌-재래종,10,629
37.7610572,127.9813129,벌-재래종,21,636
37.3728454,128.4052788,벌-재래종,7,6601
36.6211096,128.1016145,벌-재래종,2,2236
37.8229473,128.121852,벌-재래종,5,1048
37.7770615,128.0156889,벌-재래종,2,8495
37.8764886,128.0984423,벌-재래종,32,2244
37.8228476,127.9549594,벌-재래종,4,636
37.6147161,127.8863288,벌-재래종,9,3597
37.9894237,128.116951,벌-재래종,1,1775
38.0771327,128.1436063,벌-재래종,4,523
37.4788509,127.7376486,벌-개량종,32,6983
35.8134957,127.2866581,벌-재래종,60,2472
36.9395486,128.7902001,벌-재래종,3,3142
37.8107051,128.2724166,벌-재래종,7,7109
35.4412163,127.4091203,벌-재래종,12,4115
35.1813263,127.173433,벌-재래종,51,572
35.0117982,126.8818047,벌-재래종,50,101
35.6745167,127.2863785,벌-재래종,50,4043
38.0777327,127.519277,벌-개량종,7,5858
38.1759283,127.5417197,벌-재래종,3,6919
38.1759283,127.5417197,벌-재래종,1,6919
38.0777327,127.519277,벌-재래종,11,5858
37.4573003,127.893469,벌-재래종,30,4213
37.7492272,127.9215469,벌-재래종,6,636
37.4338372,128.6710446,벌-개량종,500,7689
35.0146387,127.6844058,벌-재래종,3,263
35.6990304,127.590711,벌-재래종,1,4118
35.7401886,127.4294129,벌-재래종,1,5502
36.9691539,127.9232858,벌-재래종,8,4249
37.5365529,128.2296884,벌-재래종,2,656
36.6393275,128.5140897,벌-재래종,7,391
36.8992222,128.4537971,벌-재래종,6,391
37.6437711,127.9527749,벌-재래종,5,4266
37.6324523,127.7520913,벌-재래종,20,975
37.7142062,128.1824685,벌-재래종,5,1799
37.6011843,128.2265769,벌-재래종,6,656
37.0161648,128.7315613,벌-재래종,7,3142
35.9128626,129.4499391,벌-재래종,5,8896
35.0182672,128.4765665,벌-재래종,30,6031
37.7594062,128.5710184,벌-재래종,1,1137
35.0878407,127.6114145,벌-재래종,11,7574
35.0389006,126.9988465,벌-재래종,64,6809
37.9763688,128.0820625,벌-재래종,4,1775
38.1219556,128.3101926,벌-재래종,4,2641
38.1219556,128.3101926,벌-재래종,1,2641
37.6617845,127.5291954,벌-재래종,9,2517
37.5893415,127.4947634,벌-재래종,1,4110
37.656916,127.6122255,벌-재래종,8,2550
37.6011843,128.2265769,벌-재래종,2,656
37.5424933,127.6341394,벌-개량종,8,2136
36.8203575,128.6044862,벌-재래종,85,391
37.5416012,127.4258645,벌-재래종,15,1614
37.4250014,128.2967109,벌-재래종,1,662
35.1077764,127.2000409,벌-재래종,10,7942
35.6501248,128.7060644,벌-재래종,3,3702
38.1323492,128.2292072,벌-재래종,2,1064
38.05014,128.5452484,벌-재래종,7,2678
35.891691,127.3976681,벌-재래종,2,3444
38.0497615,127.5950284,벌-재래종,3,2533
35.3338086,128.3413471,벌-개량종,10,4331
37.8654744,127.6461186,벌-개량종,30,8460
38.0777327,127.519277,벌-재래종,7,5858
35.2343442,128.8318904,벌-재래종,2,8228
38.0087006,128.1617215,벌-재래종,1,5984
36.3735292,128.9007835,벌-재래종,2,7407
37.6644632,127.6998828,벌-재래종,2,975
37.6995714,127.8821936,벌-재래종,5,3597
36.6583598,128.8915154,벌-재래종,44,3704
37.7979718,126.3953013,벌-재래종,10,33
35.1957011,128.4999975,벌-재래종,12,8841
38.0412339,127.0393313,벌-재래종,7,5739
36.9635809,127.9320017,벌-재래종,20,4249
34.5646638,127.148057,벌-재래종,15,3402
35.1917957,126.4357275,벌-재래종,53,3870
35.256597,126.5405597,벌-재래종,81,749
34.7326998,127.1538776,벌-재래종,42,1550
36.0501173,128.589178,벌-재래종,8,1415
38.1886627,128.3651816,벌-재래종,60,7134
38.1681838,128.1786506,벌-재래종,10,5977
36.8744093,128.8887244,벌-재래종,3,1887
37.6617845,127.5291954,벌-재래종,8,2517
35.5165876,129.2623781,벌-재래종,26,6147
34.3748605,126.6614699,벌-재래종,10,3905
34.3748605,126.6614699,벌-재래종,2,3905
34.3839197,126.6915543,벌-재래종,10,69
34.3342368,126.6602934,벌-재래종,19,3774
34.3342368,126.6602934,벌-재래종,8,3774
34.3342368,126.6602934,벌-재래종,26,3774
34.3342368,126.6602934,벌-재래종,10,3774
35.0181337,127.6489426,벌-재래종,15,7574
35.0181337,127.6489426,벌-재래종,25,7574
35.0181337,127.6489426,벌-재래종,15,7574
35.1934074,127.2851201,벌-재래종,7,7974
35.1934074,127.2851201,벌-재래종,12,7974
36.954022,127.8155908,벌-개량종,100,8472
36.0697318,128.9922003,벌-개량종,1,8864
37.5313869,127.6928777,벌-재래종,16,6983
37.7285179,128.0376067,벌-재래종,2,8495
38.0815097,127.4702373,벌-재래종,1,6919
35.0611343,128.4556496,벌-재래종,21,1102
34.9730223,127.1427854,벌-재래종,38,8743
37.5107169,127.6332539,벌-재래종,25,2136
35.6990304,127.590711,벌-재래종,1,4118
35.8021674,127.4199564,벌-재래종,8,4092
35.9520031,128.8967307,벌-개량종,400,534
36.1854956,129.2051557,벌-재래종,3,422
36.3616331,128.7962705,벌-재래종,1,2714
38.0375603,128.5476157,벌-재래종,20,2678
37.9763688,128.0820625,벌-재래종,40,1775
35.1198717,127.8975375,벌-개량종,70,1721
34.7014878,126.9485704,벌-재래종,70,2889
36.9635809,127.9320017,벌-재래종,10,4249
38.2279577,128.5206485,벌-재래종,1,3125
37.9993658,128.3250403,벌-재래종,5,7126
36.8919819,128.7963456,벌-재래종,2,7702
37.2462508,126.5257313,벌-재래종,10,45
35.1649004,128.985722,벌-재래종,1,5303
35.1746452,128.9884548,벌-재래종,2,5303
35.693019,127.22746,벌-재래종,1,4043
35.1505106,126.9952503,벌-재래종,1,6351
34.3467695,126.6651876,벌-재래종,1,3774
36.8353368,128.910956,벌-재래종,6,7197
37.4250014,128.2967109,벌-재래종,6,662
37.2220583,128.8218722,벌-재래종,7,7701
34.3342368,126.6602934,벌-재래종,1,3774
34.3467695,126.6651876,벌-재래종,50,3774
36.0909549,128.4829988,벌-재래종,5,1840
37.4405188,127.8508915,벌-재래종,2,4213
35.8877503,129.4453564,벌-재래종,7,8896
36.9786453,128.85124,벌-재래종,1,1882
37.6654008,126.714036,벌-재래종,1,2851
37.7142062,128.1824685,벌-재래종,3,1799
35.2270487,126.3984685,벌-재래종,11,3870
37.3793844,127.9569719,벌-재래종,13,3041
37.6020683,127.9591221,벌-재래종,5,4266
36.4593809,128.2678457,벌-개량종,150,373
35.3338895,129.1732717,벌-재래종,6,1437
36.8353368,128.910956,벌-재래종,4,7197
36.4220469,129.1244183,벌-개량종,83,3717
37.8683544,127.0292399,벌-재래종,1,4841
36.6728078,128.2986089,벌-개량종,140,2373
36.03714,128.6111061,벌-재래종,2,1415
35.3000705,127.0618243,벌-재래종,31,2056
37.8140141,128.1452309,벌-재래종,1,1048
38.1886627,128.3651816,벌-재래종,4,7134
37.348768,128.1604644,벌-재래종,6,5203
38.0807,128.5240511,벌-재래종,9,2678
36.7877626,129.2030091,벌-재래종,4,718
36.2342795,128.5875878,벌-개량종,1,397
35.9822558,127.3033187,벌-재래종,12,4925
35.7357767,129.4342524,벌-재래종,2,1211
37.4325997,127.6898941,벌-재래종,10,6983
37.8528108,127.0391079,벌-재래종,1,4841
37.6139354,128.1511451,벌-재래종,4,7082
36.8004842,128.7944095,벌-재래종,2,7702
37.7307329,127.1373616,벌-재래종,1,6353
37.6617845,127.5291954,벌-재래종,3,2517
34.4869365,126.2284574,벌-재래종,280,4468
37.3382632,127.9559957,벌-재래종,40,3041
37.3162611,127.8333974,벌-재래종,5,4213
37.4405188,127.8508915,벌-재래종,106,4213
36.2945638,129.0464878,벌-재래종,3,7719
37.6078802,127.7290553,벌-재래종,2,5079
37.6078802,127.7290553,벌-재래종,1,5079
37.1890654,129.0362358,벌-개량종,74,1431
37.2496686,129.0177973,벌-개량종,80,536
35.1077764,127.2000409,벌-재래종,14,7942
37.3728454,128.4052788,벌-재래종,4,6601
37.9993658,128.3250403,벌-재래종,4,7126
37.831802,126.8173464,벌-개량종,90,6753
36.8484432,127.9865342,벌-재래종,2,7272
35.1077764,127.2000409,벌-재래종,7,7942
35.0878407,127.6114145,벌-재래종,5,7574
37.6644632,127.6998828,벌-재래종,9,975
38.1453645,128.1335981,벌-재래종,1,648
37.5059781,129.0900522,벌-재래종,10,2739
37.9151065,128.1387795,벌-재래종,3,2244
37.9763688,128.0820625,벌-재래종,5,1775
38.1453645,128.1335981,벌-재래종,2,648
38.1453645,128.1335981,벌-재래종,4,648
38.1453645,128.1335981,벌-재래종,2,648
37.9993658,128.3250403,벌-재래종,15,7126
37.768125,128.1850253,벌-재래종,3,1380
36.0472497,127.7101074,벌-재래종,78,5922
37.4945468,127.4887109,벌-재래종,3,3738
34.417759,126.5509463,벌-재래종,18,2832
36.2104078,128.1780511,벌-개량종,80,8513
36.4852884,129.046328,벌-재래종,4,1904
36.0501173,128.589178,벌-재래종,4,1415
35.8167838,127.1984944,벌-재래종,50,2472
38.1453645,128.1335981,벌-재래종,5,648
35.0611343,128.4556496,벌-재래종,38,1102
38.0815097,127.4702373,벌-재래종,2,6919
37.785624,127.5469953,벌-재래종,2,593
38.1453645,128.1335981,벌-재래종,1,648
35.4797722,127.698092,벌-재래종,5,6992
35.3310801,127.9113578,벌-재래종,13,2208
37.4863982,127.5902252,벌-재래종,23,2136
37.4863982,127.5902252,벌-재래종,23,2136
37.0060873,128.9653695,벌-재래종,15,1891
38.0412339,127.0393313,벌-재래종,5,5739
36.0793691,127.9792429,벌-개량종,10,1026
36.8484432,127.9865342,벌-재래종,3,7272
36.718176,127.6424775,벌-재래종,1,5069
35.3310801,127.9113578,벌-재래종,5,2208
34.784308,127.109093,벌-재래종,25,2052
37.8624543,128.2199006,벌-개량종,1,2626
35.891691,127.3976681,벌-재래종,1,3444
35.6764888,127.2632347,벌-재래종,18,4043
34.7703449,128.4157739,벌-재래종,16,7405
38.0415585,128.6886217,벌-재래종,2,696
35.6398854,127.3985765,벌-재래종,7,8433
35.7213202,128.6332771,벌-재래종,1,3698
37.948639,128.3172237,벌-재래종,4,7126
38.0466608,128.3851271,벌-재래종,12,7126
37.3087458,128.3873055,벌-재래종,15,7279
38.0616616,128.6215764,벌-재래종,12,2305
37.2625905,128.9111959,벌-개량종,5,1179
36.668705,128.0171798,벌-재래종,3,3053
36.378131,128.5618083,벌-재래종,1,394
35.3166025,129.1658062,벌-재래종,1,1437
36.4571359,129.3230741,벌-재래종,10,1925
34.8774854,128.0044561,벌-재래종,6,329
35.2523976,128.6922326,벌-재래종,10,1409
36.5686008,128.7151174,벌-재래종,1,1877
38.1922602,128.1994956,벌-재래종,1,2253
38.1681838,128.1786506,벌-재래종,5,5977
37.8811169,127.5245739,벌-재래종,1,7570
37.2625905,128.9111959,벌-개량종,17,1179
33.2874612,126.5731538,벌-개량종,1,545
37.1536019,127.339438,벌-개량종,1,4928
35.142975,128.1495849,벌-재래종,7,7631
38.0616616,128.6215764,벌-재래종,9,2305
35.5239237,129.2886798,벌-재래종,1,6147
35.2128403,127.3399964,벌-재래종,2,2479
35.005055,126.7573618,벌-재래종,2,4529
37.9220961,128.4038892,벌-개량종,30,677
37.3860959,126.6389202,벌-재래종,7,5679
38.1453645,128.1335981,벌-재래종,2,648
37.1765396,127.0263059,벌-재래종,1,2034
36.7877626,129.2030091,벌-재래종,7,718
37.2848222,127.0352449,벌-개량종,3,4000
