Source,Target
1,2
1,22
1,162
1,407
1,782
1,1078
1,1159
2,1
3,81
3,83
3,165
3,272
3,325
3,372
3,470
3,498
3,556
3,600
3,769
3,786
3,1016
3,1101
3,1105
3,1106
3,1107
3,1116
3,1120
3,1149
3,1157
4,15
4,80
4,102
4,136
4,211
4,219
4,419
4,547
4,548
4,592
5,22
5,162
5,407
5,782
5,1078
5,1159
6,17
6,197
6,294
6,464
6,952
6,1001
8,13
8,14
8,70
8,140
8,318
8,497
8,650
8,684
8,759
8,1081
9,31
9,110
9,112
9,237
9,241
9,348
9,655
9,875
9,943
10,198
10,210
10,951
10,973
10,1068
11,21
11,26
11,51
11,55
11,62
11,89
11,311
11,336
11,351
11,376
11,408
11,409
11,522
11,530
11,553
11,572
11,574
11,588
11,594
11,610
11,611
11,691
11,722
11,805
11,1063
12,27
12,30
12,46
12,181
12,206
12,214
12,231
12,263
12,680
12,682
13,8
13,14
13,70
13,140
13,318
13,684
13,759
13,1081
13,1123
13,1124
14,8
14,13
14,70
14,140
14,318
14,497
14,650
14,684
14,759
14,1081
15,4
15,80
15,102
15,136
15,211
15,219
15,419
15,547
15,548
15,592
16,187
16,221
16,248
16,329
16,365
16,424
16,430
16,885
17,6
17,197
17,294
17,464
17,952
17,1001
18,131
18,320
18,385
18,386
18,387
18,612
18,828
18,846
18,965
18,1004
19,44
19,100
19,640
19,1091
20,184
20,295
20,296
20,316
20,427
20,817
20,831
20,841
20,868
20,987
21,11
21,26
21,51
21,55
21,62
21,89
21,311
21,336
21,351
21,376
21,408
21,409
21,522
21,530
21,553
21,572
21,574
21,588
21,594
21,610
21,611
21,691
21,722
21,805
21,1063
22,1
22,5
22,162
22,407
22,782
22,1078
22,1159
23,565
23,566
23,567
24,91
24,114
24,170
24,260
24,441
24,686
24,697
24,721
24,733
24,761
24,1111
25,42
25,43
25,63
25,265
25,396
25,412
25,460
25,481
25,504
25,506
25,532
25,543
25,570
25,608
25,636
26,11
26,21
26,51
26,55
26,62
26,89
26,103
26,311
26,351
26,376
26,408
26,409
26,522
26,530
26,553
26,559
26,569
26,572
26,574
26,588
26,594
26,610
26,611
26,691
26,722
26,754
26,805
26,1063
27,12
27,30
27,46
27,122
27,181
27,206
27,214
27,231
27,263
27,661
27,680
27,682
27,848
27,1041
28,102
28,141
28,175
28,547
28,1113
29,103
29,135
29,267
29,299
29,300
29,310
29,467
29,521
29,559
29,569
29,754
29,795
29,1125
30,12
30,27
30,46
30,181
30,206
30,214
30,231
30,263
30,680
30,682
31,9
31,237
31,240
31,241
31,348
31,385
31,386
31,387
31,655
31,828
31,846
31,882
31,943
31,950
32,47
32,74
32,150
32,203
32,204
32,404
32,440
32,717
32,745
32,816
32,920
32,921
32,940
32,941
33,66
33,75
33,90
33,117
33,124
33,992
33,1056
34,108
34,155
34,157
35,36
35,138
35,225
35,418
35,1144
36,35
36,138
36,225
36,418
36,1144
37,767
37,777
37,895
38,49
38,706
38,719
38,899
38,913
38,925
38,926
40,1008
40,1126
42,25
42,43
42,63
42,265
42,396
42,412
42,460
42,481
42,504
42,506
42,532
42,543
42,570
42,608
42,636
43,25
43,42
43,63
43,265
43,396
43,412
43,460
43,481
43,504
43,506
43,532
43,543
43,570
43,608
43,636
44,19
44,100
44,640
44,1091
45,58
45,59
45,134
45,201
45,414
45,515
45,914
45,947
45,1074
46,12
46,27
46,30
46,122
46,181
46,206
46,214
46,231
46,263
46,661
46,680
46,682
46,848
46,1041
47,32
47,74
47,150
47,203
47,204
47,404
47,440
47,717
47,745
47,816
47,920
47,921
47,940
47,941
48,177
48,931
49,38
49,706
49,719
49,899
49,913
49,925
49,926
50,104
50,159
50,315
50,346
50,402
50,493
50,1076
51,11
51,21
51,26
51,55
51,62
51,89
51,311
51,336
51,351
51,376
51,408
51,409
51,522
51,530
51,553
51,572
51,574
51,588
51,594
51,610
51,611
51,691
51,722
51,805
51,1063
52,360
53,645
53,659
53,672
53,677
54,378
55,11
55,21
55,26
55,51
55,62
55,89
55,311
55,336
55,351
55,376
55,408
55,409
55,522
55,530
55,553
55,572
55,574
55,588
55,594
55,610
55,611
55,691
55,722
55,805
55,1063
56,171
56,256
56,266
56,596
56,620
56,674
57,185
57,190
57,727
58,45
58,59
58,134
58,201
58,414
58,515
58,914
58,947
58,1074
59,45
59,58
59,134
59,201
59,414
59,515
59,914
59,947
59,1074
60,274
60,542
60,766
60,900
61,96
61,254
61,255
61,800
61,930
61,936
61,974
61,1003
61,1100
62,11
62,21
62,26
62,51
62,55
62,89
62,103
62,311
62,351
62,376
62,408
62,409
62,522
62,530
62,553
62,559
62,569
62,572
62,574
62,588
62,594
62,610
62,611
62,691
62,722
62,754
62,805
62,1063
63,25
63,42
63,43
63,265
63,396
63,412
63,460
63,481
63,504
63,506
63,532
63,543
63,570
63,608
63,636
64,352
65,92
65,171
65,256
65,334
65,573
65,1005
66,33
66,75
66,90
66,117
66,124
66,992
66,1056
67,127
67,137
67,335
67,368
67,803
68,457
68,471
68,984
68,985
69,207
69,286
69,624
69,902
70,8
70,13
70,14
70,140
70,318
70,497
70,650
70,684
70,759
70,1081
71,143
71,362
71,673
71,690
71,838
71,847
71,955
71,1048
72,227
72,358
72,587
72,670
72,883
74,32
74,47
74,150
74,203
74,204
74,404
74,440
74,717
74,745
74,816
74,920
74,921
74,940
74,941
75,33
75,66
75,90
75,117
75,124
75,992
75,1056
76,720
76,768
76,774
77,228
77,257
77,319
77,442
77,453
77,996
77,1042
77,1077
78,84
78,118
78,152
78,161
78,490
79,85
80,4
80,15
80,102
80,136
80,211
80,219
80,419
80,547
80,548
80,592
81,3
81,83
81,165
81,272
81,325
81,372
81,470
81,498
81,556
81,600
81,769
81,786
81,1016
81,1101
81,1105
81,1106
81,1107
81,1116
81,1120
81,1149
81,1157
82,200
82,512
82,514
82,580
82,584
82,589
82,591
82,599
82,602
82,864
82,1138
83,3
83,81
83,165
83,272
83,325
83,372
83,470
83,498
83,556
83,600
83,769
83,786
83,1016
83,1101
83,1105
83,1106
83,1107
83,1116
83,1120
83,1149
83,1157
84,78
84,118
84,152
84,161
84,490
85,79
87,111
87,723
87,764
87,1084
88,125
89,11
89,21
89,26
89,51
89,55
89,62
89,103
89,311
89,351
89,376
89,408
89,409
89,522
89,530
89,553
89,559
89,569
89,572
89,574
89,588
89,594
89,610
89,611
89,691
89,722
89,754
89,805
89,1063
90,33
90,66
90,75
90,117
90,124
90,992
90,1056
91,24
91,114
91,170
91,260
91,441
91,686
91,697
91,721
91,733
91,761
91,1111
92,65
92,171
92,256
92,334
92,573
92,1005
93,742
93,1033
94,95
94,460
94,532
94,543
94,570
94,608
94,869
95,94
95,460
95,532
95,543
95,570
95,608
95,869
96,61
96,254
96,255
96,449
96,607
96,618
96,621
96,800
96,936
96,974
96,1003
96,1092
96,1093
96,1100
97,642
97,671
97,725
97,933
98,344
100,19
100,44
100,640
100,1091
101,538
101,595
101,597
102,4
102,15
102,28
102,80
102,136
102,141
102,175
102,211
102,219
102,419
102,547
102,548
102,592
103,26
103,29
103,62
103,89
103,135
103,267
103,299
103,300
103,310
103,311
103,349
103,408
103,409
103,467
103,521
103,522
103,553
103,559
103,569
103,572
103,588
103,691
103,722
103,754
103,795
103,927
103,1063
103,1125
104,50
104,159
104,315
104,346
104,402
104,493
104,1076
105,113
105,239
105,970
107,277
107,344
107,549
107,916
107,1057
108,34
108,155
108,157
109,1130
110,9
110,112
110,655
110,875
111,87
111,723
111,764
111,1084
112,9
112,110
112,655
112,875
113,105
113,153
113,239
113,306
113,357
113,371
113,976
113,989
113,1083
114,24
114,91
114,170
114,260
114,441
114,686
114,697
114,721
114,733
114,761
114,991
114,1111
115,168
115,169
117,33
117,66
117,75
117,90
117,124
117,992
117,1056
118,78
118,84
118,152
118,161
118,490
119,163
119,167
119,189
119,208
119,233
119,234
119,279
119,280
119,283
119,284
119,289
119,323
119,324
119,328
119,341
119,342
119,343
119,354
119,363
119,564
119,740
119,1013
120,244
120,657
120,760
120,829
120,854
122,27
122,46
122,181
122,206
122,213
122,214
122,224
122,231
122,263
122,321
122,350
122,661
122,666
122,680
122,682
122,729
122,848
122,1002
122,1041
123,126
123,129
123,164
123,271
123,392
123,477
123,531
123,757
123,887
123,916
124,33
124,66
124,75
124,90
124,117
124,992
124,1056
125,88
126,123
126,129
126,164
126,271
126,392
126,477
126,531
126,757
126,887
126,916
127,67
127,137
127,335
127,368
127,803
129,123
129,126
129,164
129,271
129,392
129,477
129,531
129,757
129,887
129,916
130,309
131,18
131,320
131,612
131,867
131,1004
132,149
132,229
132,265
132,315
132,346
132,375
132,395
132,396
132,402
132,412
132,460
132,462
132,463
132,481
132,493
132,496
132,503
132,507
132,532
132,543
132,608
132,635
133,238
133,253
133,333
133,476
133,488
133,603
133,614
133,630
133,791
134,45
134,58
134,59
134,201
134,414
134,515
134,914
134,947
134,1074
135,29
135,103
135,267
135,299
135,300
135,310
135,467
135,521
135,559
135,569
135,754
135,795
135,1125
136,4
136,15
136,80
136,102
136,211
136,219
136,419
136,547
136,548
136,592
137,67
137,127
137,335
137,368
137,803
138,35
138,36
138,225
138,418
138,1144
139,695
139,724
140,8
140,13
140,14
140,70
140,318
140,497
140,650
140,684
140,759
140,1081
141,28
141,102
141,175
141,547
141,1113
143,71
143,362
143,673
143,690
143,838
143,847
143,955
143,1048
144,1155
145,278
145,549
146,147
146,327
146,403
146,537
146,539
146,541
146,551
146,982
147,146
147,327
147,403
147,537
147,539
147,541
147,551
147,982
148,359
148,1017
148,1048
149,132
149,229
149,265
149,315
149,346
149,375
149,395
149,396
149,402
149,412
149,460
149,462
149,463
149,481
149,493
149,496
149,503
149,507
149,532
149,543
149,608
149,635
150,32
150,47
150,74
150,203
150,204
150,404
150,440
150,717
150,745
150,816
150,920
150,921
150,940
150,941
151,172
151,174
151,196
151,243
151,276
151,312
151,444
151,454
151,455
151,458
151,632
151,633
151,634
151,638
151,699
151,749
151,945
151,1095
152,78
152,84
152,118
152,161
152,490
153,113
153,239
153,306
153,357
153,976
153,989
155,34
155,108
155,157
156,870
156,1015
156,1075
157,34
157,108
157,155
158,779
158,956
159,50
159,104
159,315
159,346
159,402
159,493
159,1076
160,240
160,249
160,258
160,356
160,505
160,882
160,948
160,950
161,78
161,84
161,118
161,152
161,490
162,1
162,5
162,22
162,407
162,782
162,1078
162,1159
163,119
163,167
163,189
163,208
163,233
163,234
163,279
163,280
163,283
163,284
163,289
163,323
163,324
163,328
163,341
163,342
163,343
163,354
163,363
163,564
163,740
163,1013
164,123
164,126
164,129
164,182
164,271
164,477
164,531
164,757
164,887
165,3
165,81
165,83
165,251
165,272
165,325
165,372
165,470
165,498
165,500
165,556
165,600
165,769
165,786
165,995
165,1016
165,1101
165,1105
165,1106
165,1107
165,1116
165,1120
165,1148
165,1149
165,1157
166,232
167,119
167,163
167,189
167,208
167,233
167,234
167,279
167,280
167,283
167,284
167,289
167,323
167,324
167,328
167,341
167,342
167,343
167,354
167,363
167,564
167,740
167,1013
168,115
168,169
169,115
169,168
170,24
170,91
170,114
170,260
170,441
170,686
170,697
170,721
170,733
170,761
170,1111
171,56
171,65
171,92
171,256
171,266
171,334
171,573
171,596
171,620
171,674
171,1005
172,151
172,174
172,454
173,235
173,236
173,252
173,292
173,364
174,151
174,172
174,454
175,28
175,102
175,141
175,547
175,1113
176,282
176,353
176,626
176,627
176,629
176,647
177,48
177,931
178,191
178,192
179,349
179,675
179,927
180,195
180,245
180,269
180,270
180,426
180,456
180,494
180,518
180,519
180,763
180,799
181,12
181,27
181,30
181,46
181,122
181,206
181,214
181,231
181,263
181,661
181,680
181,682
181,848
181,1041
182,164
182,194
184,20
184,295
184,296
184,316
184,427
184,831
184,841
184,987
185,57
185,190
185,727
186,347
186,437
186,558
186,730
186,860
187,16
187,221
187,248
187,288
187,329
187,330
187,331
187,365
187,422
187,423
187,424
187,430
187,885
188,213
188,224
188,321
188,350
188,728
188,729
188,1002
189,119
189,163
189,167
189,208
189,233
189,234
189,279
189,280
189,283
189,284
189,289
189,323
189,324
189,328
189,341
189,342
189,343
189,354
189,363
189,564
189,740
189,1013
190,57
190,185
190,727
191,178
191,192
192,178
192,191
193,1006
194,182
195,180
195,245
195,269
195,270
195,379
195,426
195,456
195,494
195,509
195,518
195,519
195,763
195,799
196,151
196,243
196,276
196,312
196,444
196,454
196,455
196,458
196,632
196,633
196,634
196,638
196,699
196,749
196,945
196,1095
197,6
197,17
197,294
197,464
197,952
197,1001
198,10
198,767
198,891
198,951
199,434
199,1047
199,1096
199,1108
199,1137
200,82
200,512
200,514
200,580
200,584
200,589
200,591
200,599
200,602
200,864
200,1138
201,45
201,58
201,59
201,134
201,414
201,515
201,914
201,947
201,1074
202,220
202,247
203,32
203,47
203,74
203,150
203,204
203,404
203,440
203,717
203,745
203,816
203,920
203,921
203,940
203,941
204,32
204,47
204,74
204,150
204,203
204,404
204,440
204,717
204,745
204,816
204,920
204,921
204,940
204,941
205,244
205,657
205,732
205,829
205,854
206,12
206,27
206,30
206,46
206,122
206,181
206,214
206,231
206,263
206,661
206,680
206,682
206,848
206,1041
207,69
207,286
207,624
207,902
208,119
208,163
208,167
208,189
208,233
208,234
208,279
208,280
208,283
208,284
208,289
208,323
208,324
208,328
208,341
208,342
208,343
208,354
208,363
208,564
208,740
208,1013
209,698
209,1112
210,10
210,973
210,1068
211,4
211,15
211,80
211,102
211,136
211,219
211,419
211,547
211,548
211,592
212,302
212,489
212,704
212,905
212,918
212,934
212,969
212,1009
212,1045
213,122
213,188
213,224
213,728
214,12
214,27
214,30
214,46
214,122
214,181
214,206
214,231
214,263
214,661
214,680
214,682
214,848
214,1041
215,1012
216,217
216,452
216,981
216,1099
217,216
217,452
217,981
217,1099
218,275
218,308
218,339
218,501
218,511
218,534
218,565
218,566
218,617
218,1154
219,4
219,15
219,80
219,102
219,136
219,211
219,419
219,547
219,548
219,592
220,202
220,247
221,16
221,187
221,248
221,288
221,329
221,330
221,331
221,365
221,422
221,423
221,424
221,430
221,885
223,486
223,535
223,571
223,578
223,617
224,122
224,188
224,213
224,728
225,35
225,36
225,138
225,418
225,1144
226,896
227,72
227,358
227,587
227,670
227,883
228,77
228,996
228,1042
228,1077
229,132
229,149
229,265
229,315
229,346
229,375
229,395
229,396
229,402
229,412
229,460
229,462
229,463
229,481
229,493
229,496
229,503
229,507
229,532
229,543
229,608
229,635
231,12
231,27
231,30
231,46
231,122
231,181
231,206
231,214
231,263
231,661
231,680
231,682
231,848
231,1041
232,166
232,482
232,842
232,1089
233,119
233,163
233,167
233,189
233,208
233,234
233,279
233,280
233,283
233,284
233,289
233,323
233,324
233,328
233,341
233,342
233,343
233,354
233,363
233,564
233,740
233,1013
234,119
234,163
234,167
234,189
234,208
234,233
234,279
234,280
234,283
234,284
234,289
234,323
234,324
234,328
234,341
234,342
234,343
234,354
234,363
234,564
234,740
234,1013
235,173
235,236
235,252
235,292
235,364
236,173
236,235
236,252
236,292
236,364
237,9
237,31
237,241
237,348
237,655
238,133
238,253
238,333
238,476
238,488
238,603
238,614
238,630
238,791
239,105
239,113
239,153
239,306
239,357
239,371
239,976
239,989
239,1083
240,31
240,160
240,249
240,348
240,385
240,386
240,387
240,828
240,846
240,882
240,950
241,9
241,31
241,237
241,348
241,655
242,960
242,1132
243,151
243,196
243,276
243,312
243,444
243,454
243,455
243,458
243,632
243,633
243,634
243,638
243,699
243,749
243,945
243,1095
244,120
244,205
244,657
244,732
244,829
244,854
245,180
245,195
245,269
245,270
245,426
245,456
245,494
245,518
245,519
245,763
245,799
246,1112
247,202
247,220
248,16
248,187
248,221
248,329
248,365
248,424
248,430
248,885
249,160
249,240
249,258
249,356
249,505
249,882
249,948
249,950
250,1033
251,165
251,272
251,391
251,470
251,498
251,500
251,556
251,1016
251,1148
251,1149
252,173
252,235
252,236
252,292
252,364
252,464
252,952
252,1103
253,133
253,238
253,333
253,476
253,488
253,603
253,614
253,630
253,791
254,61
254,96
254,255
254,449
254,607
254,618
254,621
254,800
254,936
254,974
254,1003
254,1092
254,1093
254,1100
255,61
255,96
255,254
255,449
255,607
255,618
255,621
255,800
255,936
255,974
255,1003
255,1092
255,1093
255,1100
256,56
256,65
256,92
256,171
256,266
256,334
256,573
256,596
256,620
256,674
256,1005
257,77
257,319
257,442
257,453
257,1077
258,160
258,249
258,356
258,505
258,515
258,948
259,895
259,964
259,1061
259,1090
260,24
260,91
260,114
260,170
260,441
260,686
260,697
260,721
260,733
260,761
260,991
260,1111
261,491
261,492
261,659
261,677
261,718
261,755
261,776
261,821
261,861
261,890
261,1135
262,305
263,12
263,27
263,30
263,46
263,122
263,181
263,206
263,214
263,231
263,661
263,680
263,682
263,848
263,1041
264,393
264,421
264,484
264,485
264,533
265,25
265,42
265,43
265,63
265,132
265,149
265,229
265,375
265,395
265,396
265,412
265,462
265,463
265,481
265,496
265,503
265,504
265,506
265,507
265,635
265,636
266,56
266,171
266,256
266,596
266,620
266,674
267,29
267,103
267,135
267,299
267,300
267,310
267,467
267,521
267,559
267,569
267,754
267,795
267,1125
268,359
268,1017
269,180
269,195
269,245
269,270
269,426
269,456
269,494
269,518
269,519
269,763
269,799
270,180
270,195
270,245
270,269
270,426
270,456
270,494
270,518
270,519
270,763
270,799
271,123
271,126
271,129
271,164
271,392
271,477
271,531
271,757
271,887
271,916
272,3
272,81
272,83
272,165
272,251
272,325
272,372
272,470
272,498
272,500
272,556
272,600
272,769
272,786
272,995
272,1016
272,1101
272,1105
272,1106
272,1107
272,1116
272,1120
272,1148
272,1149
272,1157
273,866
273,967
273,1038
274,60
274,495
274,542
274,577
274,583
274,622
274,623
274,631
274,766
274,900
274,975
274,1065
274,1109
275,218
275,308
275,339
275,501
275,511
275,565
275,566
275,581
275,1154
276,151
276,196
276,243
276,312
276,444
276,454
276,455
276,458
276,632
276,633
276,634
276,638
276,699
276,749
276,945
276,1095
277,107
277,344
277,549
277,916
277,1057
278,145
278,549
279,119
279,163
279,167
279,189
279,208
279,233
279,234
279,280
279,283
279,284
279,289
279,323
279,324
279,328
279,341
279,342
279,343
279,354
279,363
279,564
279,740
279,1013
280,119
280,163
280,167
280,189
280,208
280,233
280,234
280,279
280,283
280,284
280,289
280,323
280,324
280,328
280,341
280,342
280,343
280,354
280,363
280,564
280,740
280,1013
282,176
282,353
282,647
283,119
283,163
283,167
283,189
283,208
283,233
283,234
283,279
283,280
283,284
283,289
283,323
283,324
283,328
283,341
283,342
283,343
283,354
283,363
283,564
283,740
283,1013
284,119
284,163
284,167
284,189
284,208
284,233
284,234
284,279
284,280
284,283
284,289
284,323
284,324
284,328
284,341
284,342
284,343
284,354
284,363
284,564
284,740
284,1013
286,69
286,207
286,624
286,902
287,405
287,406
287,550
287,923
287,1036
288,187
288,221
288,329
288,330
288,331
288,365
288,382
288,422
288,423
288,424
288,430
288,1037
288,1123
288,1124
289,119
289,163
289,167
289,189
289,208
289,233
289,234
289,279
289,280
289,283
289,284
289,323
289,324
289,328
289,341
289,342
289,343
289,354
289,363
289,564
289,740
289,1013
290,291
291,290
292,173
292,235
292,236
292,252
292,364
293,416
293,575
294,6
294,17
294,197
294,464
294,952
294,1001
295,20
295,184
295,296
295,316
295,427
295,831
295,841
295,987
296,20
296,184
296,295
296,316
296,427
296,831
296,841
296,987
297,370
297,381
297,808
297,1119
298,937
299,29
299,103
299,135
299,267
299,300
299,310
299,467
299,521
299,559
299,569
299,754
299,795
299,1125
300,29
300,103
300,135
300,267
300,299
300,310
300,467
300,521
300,559
300,569
300,754
300,795
300,1125
302,212
302,489
302,704
302,905
302,918
302,934
302,969
302,1009
302,1045
303,1069
303,1143
304,338
304,367
304,374
304,389
304,397
304,428
304,526
304,568
305,262
306,113
306,153
306,239
306,357
306,976
306,989
308,218
308,275
308,339
308,501
308,511
308,534
308,565
308,566
308,617
308,1154
309,130
310,29
310,103
310,135
310,267
310,299
310,300
310,467
310,521
310,559
310,569
310,754
310,795
310,1125
311,11
311,21
311,26
311,51
311,55
311,62
311,89
311,103
311,351
311,376
311,408
311,409
311,522
311,530
311,553
311,559
311,569
311,572
311,574
311,588
311,594
311,610
311,611
311,691
311,722
311,754
311,805
311,1063
312,151
312,196
312,243
312,276
312,444
312,454
312,455
312,458
312,632
312,633
312,634
312,638
312,699
312,749
312,945
312,1095
313,326
313,379
313,388
313,401
313,425
313,459
313,466
313,479
313,480
313,499
313,509
313,510
313,513
313,518
313,525
313,554
313,555
313,579
313,799
313,804
315,50
315,104
315,132
315,149
315,159
315,229
315,346
315,375
315,395
315,402
315,462
315,463
315,493
315,496
315,503
315,507
315,635
315,1076
316,20
316,184
316,295
316,296
316,427
316,818
316,831
316,841
316,868
316,986
316,987
316,1018
316,1086
317,473
317,743
318,8
318,13
318,14
318,70
318,140
318,497
318,650
318,684
318,759
318,1081
319,77
319,257
319,442
319,453
319,1077
320,18
320,131
320,612
320,891
320,973
320,1004
321,122
321,188
321,350
321,728
321,729
321,1002
322,872
323,119
323,163
323,167
323,189
323,208
323,233
323,234
323,279
323,280
323,283
323,284
323,289
323,324
323,328
323,341
323,342
323,343
323,354
323,363
323,564
323,740
323,1013
324,119
324,163
324,167
324,189
324,208
324,233
324,234
324,279
324,280
324,283
324,284
324,289
324,323
324,328
324,341
324,342
324,343
324,354
324,363
324,564
324,740
324,1013
325,3
325,81
325,83
325,165
325,272
325,372
325,470
325,498
325,556
325,600
325,769
325,786
325,1016
325,1101
325,1105
325,1106
325,1107
325,1116
325,1120
325,1149
325,1157
326,313
326,379
326,388
326,401
326,425
326,459
326,466
326,479
326,480
326,499
326,509
326,510
326,513
326,518
326,525
326,554
326,555
326,579
326,799
326,804
327,146
327,147
327,403
327,537
327,539
327,541
327,551
327,982
328,119
328,163
328,167
328,189
328,208
328,233
328,234
328,279
328,280
328,283
328,284
328,289
328,323
328,324
328,341
328,342
328,343
328,354
328,363
328,564
328,740
328,1013
329,16
329,187
329,221
329,248
329,288
329,330
329,331
329,365
329,422
329,423
329,424
329,430
329,885
330,187
330,221
330,288
330,329
330,331
330,365
330,382
330,422
330,423
330,424
330,430
330,1037
330,1123
330,1124
331,187
331,221
331,288
331,329
331,330
331,365
331,382
331,422
331,423
331,424
331,430
331,1037
331,1123
331,1124
333,133
333,238
333,253
333,476
333,488
333,603
333,614
333,630
333,791
334,65
334,92
334,171
334,256
334,573
334,1005
335,67
335,127
335,137
335,368
335,803
336,11
336,21
336,51
336,55
336,351
336,376
336,530
336,574
336,594
336,610
336,611
336,805
337,1147
338,304
338,367
338,374
338,389
338,397
338,428
338,526
338,568
339,218
339,275
339,308
339,501
339,511
339,534
339,565
339,566
339,617
339,1154
340,852
340,924
340,959
341,119
341,163
341,167
341,189
341,208
341,233
341,234
341,279
341,280
341,283
341,284
341,289
341,323
341,324
341,328
341,342
341,343
341,354
341,363
341,564
341,740
341,1013
342,119
342,163
342,167
342,189
342,208
342,233
342,234
342,279
342,280
342,283
342,284
342,289
342,323
342,324
342,328
342,341
342,343
342,354
342,363
342,564
342,740
342,1013
343,119
343,163
343,167
343,189
343,208
343,233
343,234
343,279
343,280
343,283
343,284
343,289
343,323
343,324
343,328
343,341
343,342
343,354
343,363
343,564
343,740
343,1013
344,98
344,107
344,277
344,1057
345,877
345,901
346,50
346,104
346,132
346,149
346,159
346,229
346,315
346,375
346,395
346,402
346,462
346,463
346,493
346,496
346,503
346,507
346,635
346,1076
347,186
347,437
347,558
347,663
347,730
347,770
347,860
348,9
348,31
348,237
348,240
348,241
348,385
348,386
348,387
348,655
348,828
348,846
348,882
348,943
348,950
349,103
349,179
349,559
349,569
349,675
349,754
349,927
350,122
350,188
350,321
350,728
350,729
350,1002
351,11
351,21
351,26
351,51
351,55
351,62
351,89
351,311
351,336
351,376
351,408
351,409
351,522
351,530
351,553
351,572
351,574
351,588
351,594
351,610
351,611
351,691
351,722
351,805
351,1063
352,64
353,176
353,282
353,647
354,119
354,163
354,167
354,189
354,208
354,233
354,234
354,279
354,280
354,283
354,284
354,289
354,323
354,324
354,328
354,341
354,342
354,343
354,363
354,564
354,740
354,1013
355,446
355,448
355,527
355,811
356,160
356,249
356,258
356,505
356,944
356,948
356,1033
357,113
357,153
357,239
357,306
357,976
357,989
358,72
358,227
358,587
358,670
358,883
359,148
359,268
359,1017
359,1055
359,1070
360,52
362,71
362,143
362,673
362,690
362,838
362,847
362,955
363,119
363,163
363,167
363,189
363,208
363,233
363,234
363,279
363,280
363,283
363,284
363,289
363,323
363,324
363,328
363,341
363,342
363,343
363,354
363,564
363,740
363,1013
364,173
364,235
364,236
364,252
364,292
365,16
365,187
365,221
365,248
365,288
365,329
365,330
365,331
365,422
365,423
365,424
365,430
365,885
366,383
366,431
366,432
366,502
366,788
366,835
367,304
367,338
367,374
367,389
367,397
367,428
367,526
367,568
368,67
368,127
368,137
368,335
368,803
369,785
369,830
370,297
370,381
370,808
370,1119
371,113
371,239
371,1083
372,3
372,81
372,83
372,165
372,272
372,325
372,470
372,498
372,556
372,600
372,769
372,786
372,1016
372,1101
372,1105
372,1106
372,1107
372,1116
372,1120
372,1149
372,1157
373,801
374,304
374,338
374,367
374,389
374,397
374,428
374,526
374,568
375,132
375,149
375,229
375,265
375,315
375,346
375,395
375,396
375,402
375,412
375,460
375,462
375,463
375,481
375,493
375,496
375,503
375,507
375,532
375,543
375,608
375,635
376,11
376,21
376,26
376,51
376,55
376,62
376,89
376,311
376,336
376,351
376,408
376,409
376,522
376,530
376,553
376,572
376,574
376,588
376,594
376,610
376,611
376,691
376,722
376,805
376,1063
377,619
378,54
379,195
379,313
379,326
379,509
379,510
379,513
379,518
379,799
379,804
380,524
380,609
380,628
380,647
381,297
381,370
381,808
381,1119
382,288
382,330
382,331
382,422
382,423
382,1032
382,1037
382,1123
382,1124
383,366
383,431
383,432
383,502
383,788
383,835
385,18
385,31
385,240
385,348
385,386
385,387
385,828
385,846
385,882
385,950
385,965
386,18
386,31
386,240
386,348
386,385
386,387
386,828
386,846
386,882
386,950
386,965
387,18
387,31
387,240
387,348
387,385
387,386
387,828
387,846
387,882
387,950
387,965
388,313
388,326
388,401
388,425
388,459
388,466
388,479
388,480
388,499
388,510
388,513
388,525
388,554
388,555
388,579
388,804
389,304
389,338
389,367
389,374
389,397
389,428
389,526
389,568
391,251
391,420
391,500
391,1148
392,123
392,126
392,129
392,271
392,477
392,531
392,757
392,887
392,916
393,264
393,421
393,484
393,485
393,533
394,413
395,132
395,149
395,229
395,265
395,315
395,346
395,375
395,396
395,402
395,412
395,460
395,462
395,463
395,481
395,493
395,496
395,503
395,507
395,532
395,543
395,608
395,635
396,25
396,42
396,43
396,63
396,132
396,149
396,229
396,265
396,375
396,395
396,412
396,462
396,463
396,481
396,496
396,503
396,504
396,506
396,507
396,635
396,636
397,304
397,338
397,367
397,374
397,389
397,428
397,526
397,568
398,438
398,536
401,313
401,326
401,388
401,425
401,459
401,466
401,479
401,480
401,499
401,510
401,513
401,525
401,554
401,555
401,579
401,804
402,50
402,104
402,132
402,149
402,159
402,229
402,315
402,346
402,375
402,395
402,462
402,463
402,493
402,496
402,503
402,507
402,635
402,1076
403,146
403,147
403,327
403,982
404,32
404,47
404,74
404,150
404,203
404,204
404,440
404,717
404,745
404,816
404,920
404,921
404,940
404,941
405,287
405,406
405,537
405,539
405,541
405,550
405,551
405,923
405,1036
406,287
406,405
406,537
406,539
406,541
406,550
406,551
406,923
406,1036
407,1
407,5
407,22
407,162
407,782
407,1078
407,1159
408,11
408,21
408,26
408,51
408,55
408,62
408,89
408,103
408,311
408,351
408,376
408,409
408,522
408,530
408,553
408,559
408,569
408,572
408,574
408,588
408,594
408,610
408,611
408,691
408,722
408,754
408,805
408,1063
409,11
409,21
409,26
409,51
409,55
409,62
409,89
409,103
409,311
409,351
409,376
409,408
409,522
409,530
409,553
409,559
409,569
409,572
409,574
409,588
409,594
409,610
409,611
409,691
409,722
409,754
409,805
409,1063
411,802
411,814
411,954
412,25
412,42
412,43
412,63
412,132
412,149
412,229
412,265
412,375
412,395
412,396
412,460
412,462
412,463
412,481
412,496
412,503
412,504
412,506
412,507
412,532
412,543
412,570
412,608
412,635
412,636
413,394
414,45
414,58
414,59
414,134
414,201
414,947
414,1074
414,1109
416,293
416,544
416,575
418,35
418,36
418,138
418,225
418,1144
419,4
419,15
419,80
419,102
419,136
419,211
419,219
419,547
419,548
419,592
420,391
421,264
421,393
421,484
421,485
421,533
422,187
422,221
422,288
422,329
422,330
422,331
422,365
422,382
422,423
422,424
422,430
422,1037
422,1123
422,1124
423,187
423,221
423,288
423,329
423,330
423,331
423,365
423,382
423,422
423,424
423,430
423,1037
423,1123
423,1124
424,16
424,187
424,221
424,248
424,288
424,329
424,330
424,331
424,365
424,422
424,423
424,430
424,885
425,313
425,326
425,388
425,401
425,459
425,466
425,479
425,480
425,499
425,510
425,513
425,525
425,554
425,555
425,579
425,804
426,180
426,195
426,245
426,269
426,270
426,456
426,494
426,518
426,519
426,763
426,799
427,20
427,184
427,295
427,296
427,316
427,831
427,841
427,987
428,304
428,338
428,367
428,374
428,389
428,397
428,526
428,568
429,433
429,683
430,16
430,187
430,221
430,248
430,288
430,329
430,330
430,331
430,365
430,422
430,423
430,424
430,885
431,366
431,383
431,432
431,502
431,788
431,835
432,366
432,383
432,431
432,502
432,788
432,835
433,429
433,683
434,199
434,1047
434,1096
434,1108
434,1137
435,683
435,734
435,807
435,813
435,823
435,879
435,942
436,857
436,908
436,963
436,999
436,1034
436,1118
437,186
437,347
437,558
437,730
437,860
437,1052
438,398
438,536
439,469
439,472
440,32
440,47
440,74
440,150
440,203
440,204
440,404
440,717
440,745
440,816
440,920
440,921
440,940
440,941
441,24
441,91
441,114
441,170
441,260
441,686
441,697
441,721
441,733
441,761
441,1111
442,77
442,257
442,319
442,453
442,1077
444,151
444,196
444,243
444,276
444,312
444,454
444,455
444,458
444,632
444,633
444,634
444,638
444,699
444,749
444,945
444,1095
446,355
446,448
446,527
446,811
448,355
448,446
448,527
448,811
449,96
449,254
449,255
449,607
449,618
449,621
449,936
449,974
449,1092
449,1093
450,460
450,532
450,543
450,570
450,608
451,516
451,1115
452,216
452,217
452,981
452,1099
453,77
453,257
453,319
453,442
453,1077
454,151
454,172
454,174
454,196
454,243
454,276
454,312
454,444
454,455
454,458
454,632
454,633
454,634
454,638
454,699
454,749
454,945
454,1095
455,151
455,196
455,243
455,276
455,312
455,444
455,454
455,458
455,632
455,633
455,634
455,638
455,699
455,749
455,945
455,1095
455,1139
456,180
456,195
456,245
456,269
456,270
456,426
456,494
456,518
456,519
456,763
456,799
457,68
457,471
457,984
457,985
458,151
458,196
458,243
458,276
458,312
458,444
458,454
458,455
458,632
458,633
458,634
458,638
458,699
458,749
458,945
458,1095
459,313
459,326
459,388
459,401
459,425
459,466
459,479
459,480
459,499
459,510
459,513
459,525
459,554
459,555
459,579
459,804
460,25
460,42
460,43
460,63
460,94
460,95
460,132
460,149
460,229
460,375
460,395
460,412
460,450
460,462
460,463
460,481
460,496
460,503
460,504
460,506
460,507
460,532
460,543
460,570
460,608
460,635
460,636
460,869
461,495
461,577
461,583
461,613
461,622
461,623
461,631
461,975
461,1065
462,132
462,149
462,229
462,265
462,315
462,346
462,375
462,395
462,396
462,402
462,412
462,460
462,463
462,481
462,493
462,496
462,503
462,507
462,532
462,543
462,608
462,635
463,132
463,149
463,229
463,265
463,315
463,346
463,375
463,395
463,396
463,402
463,412
463,460
463,462
463,481
463,493
463,496
463,503
463,507
463,532
463,543
463,608
463,635
464,6
464,17
464,197
464,252
464,294
464,687
464,784
464,888
464,952
464,983
464,1001
464,1043
464,1104
465,833
466,313
466,326
466,388
466,401
466,425
466,459
466,479
466,480
466,499
466,510
466,513
466,525
466,554
466,555
466,579
466,804
467,29
467,103
467,135
467,267
467,299
467,300
467,310
467,521
467,559
467,569
467,754
467,795
467,1125
469,439
469,472
470,3
470,81
470,83
470,165
470,251
470,272
470,325
470,372
470,498
470,500
470,556
470,600
470,769
470,786
470,995
470,1016
470,1101
470,1105
470,1106
470,1107
470,1116
470,1120
470,1148
470,1149
470,1157
471,68
471,457
471,984
471,985
472,439
472,469
473,317
473,743
474,534
474,561
474,562
474,585
474,586
474,590
474,598
474,1030
474,1031
474,1154
476,133
476,238
476,253
476,333
476,488
476,603
476,614
476,630
476,791
477,123
477,126
477,129
477,164
477,271
477,392
477,531
477,757
477,887
477,916
479,313
479,326
479,388
479,401
479,425
479,459
479,466
479,480
479,499
479,510
479,513
479,525
479,554
479,555
479,579
479,804
480,313
480,326
480,388
480,401
480,425
480,459
480,466
480,479
480,499
480,510
480,513
480,525
480,554
480,555
480,579
480,804
481,25
481,42
481,43
481,63
481,132
481,149
481,229
481,265
481,375
481,395
481,396
481,412
481,460
481,462
481,463
481,496
481,503
481,504
481,506
481,507
481,532
481,543
481,570
481,608
481,635
481,636
482,232
482,842
482,894
482,1089
483,904
483,1122
483,1129
484,264
484,393
484,421
484,485
484,533
485,264
485,393
485,421
485,484
485,533
486,223
486,535
486,571
486,578
486,617
487,1067
487,1088
488,133
488,238
488,253
488,333
488,476
488,603
488,614
488,630
488,791
489,212
489,302
489,704
489,905
489,918
489,934
489,969
489,1009
489,1045
490,78
490,84
490,118
490,152
490,161
491,261
491,492
491,718
491,755
491,776
491,821
491,861
491,890
491,1135
492,261
492,491
492,718
492,755
492,776
492,821
492,861
492,890
492,1135
493,50
493,104
493,132
493,149
493,159
493,229
493,315
493,346
493,375
493,395
493,402
493,462
493,463
493,496
493,503
493,507
493,635
493,1076
494,180
494,195
494,245
494,269
494,270
494,426
494,456
494,518
494,519
494,763
494,799
495,274
495,461
495,577
495,583
495,613
495,622
495,623
495,631
495,766
495,975
495,1065
495,1109
496,132
496,149
496,229
496,265
496,315
496,346
496,375
496,395
496,396
496,402
496,412
496,460
496,462
496,463
496,481
496,493
496,503
496,507
496,532
496,543
496,608
496,635
497,8
497,14
497,70
497,140
497,318
497,650
497,684
497,759
497,1081
498,3
498,81
498,83
498,165
498,251
498,272
498,325
498,372
498,470
498,500
498,556
498,600
498,769
498,786
498,995
498,1016
498,1101
498,1105
498,1106
498,1107
498,1116
498,1120
498,1148
498,1149
498,1157
499,313
499,326
499,388
499,401
499,425
499,459
499,466
499,479
499,480
499,510
499,513
499,525
499,554
499,555
499,579
499,804
500,165
500,251
500,272
500,391
500,470
500,498
500,556
500,1016
500,1148
500,1149
501,218
501,275
501,308
501,339
501,511
501,534
501,565
501,566
501,617
501,1154
502,366
502,383
502,431
502,432
502,788
502,835
503,132
503,149
503,229
503,265
503,315
503,346
503,375
503,395
503,396
503,402
503,412
503,460
503,462
503,463
503,481
503,493
503,496
503,507
503,532
503,543
503,608
503,635
504,25
504,42
504,43
504,63
504,265
504,396
504,412
504,460
504,481
504,506
504,532
504,543
504,570
504,608
504,636
505,160
505,249
505,258
505,356
505,515
505,948
506,25
506,42
506,43
506,63
506,265
506,396
506,412
506,460
506,481
506,504
506,532
506,543
506,570
506,608
506,636
507,132
507,149
507,229
507,265
507,315
507,346
507,375
507,395
507,396
507,402
507,412
507,460
507,462
507,463
507,481
507,493
507,496
507,503
507,532
507,543
507,608
507,635
508,676
508,746
508,775
508,971
509,195
509,313
509,326
509,379
509,510
509,513
509,518
509,799
509,804
510,313
510,326
510,379
510,388
510,401
510,425
510,459
510,466
510,479
510,480
510,499
510,509
510,513
510,518
510,525
510,554
510,555
510,579
510,799
510,804
511,218
511,275
511,308
511,339
511,501
511,534
511,565
511,566
511,581
511,1154
512,82
512,200
512,514
512,580
512,584
512,589
512,591
512,599
512,602
512,864
512,1138
513,313
513,326
513,379
513,388
513,401
513,425
513,459
513,466
513,479
513,480
513,499
513,509
513,510
513,518
513,525
513,554
513,555
513,579
513,799
513,804
514,82
514,200
514,512
514,580
514,584
514,589
514,591
514,599
514,602
514,864
514,1138
515,45
515,58
515,59
515,134
515,201
515,258
515,505
515,715
515,815
515,886
515,914
515,947
515,949
515,1074
516,451
516,1115
517,747
518,180
518,195
518,245
518,269
518,270
518,313
518,326
518,379
518,426
518,456
518,494
518,509
518,510
518,513
518,519
518,763
518,799
518,804
519,180
519,195
519,245
519,269
519,270
519,426
519,456
519,494
519,518
519,763
519,799
520,545
520,881
520,930
520,988
521,29
521,103
521,135
521,267
521,299
521,300
521,310
521,467
521,559
521,569
521,754
521,795
521,1125
522,11
522,21
522,26
522,51
522,55
522,62
522,89
522,103
522,311
522,351
522,376
522,408
522,409
522,530
522,553
522,559
522,569
522,572
522,574
522,588
522,594
522,610
522,611
522,691
522,722
522,754
522,805
522,1063
524,380
524,628
524,647
525,313
525,326
525,388
525,401
525,425
525,459
525,466
525,479
525,480
525,499
525,510
525,513
525,554
525,555
525,579
525,804
526,304
526,338
526,367
526,374
526,389
526,397
526,428
526,568
527,355
527,446
527,448
527,811
528,658
528,667
528,778
528,915
529,783
529,844
529,917
529,957
530,11
530,21
530,26
530,51
530,55
530,62
530,89
530,311
530,336
530,351
530,376
530,408
530,409
530,522
530,553
530,572
530,574
530,588
530,594
530,610
530,611
530,691
530,722
530,805
530,1063
531,123
531,126
531,129
531,164
531,271
531,392
531,477
531,757
531,887
531,916
532,25
532,42
532,43
532,63
532,94
532,95
532,132
532,149
532,229
532,375
532,395
532,412
532,450
532,460
532,462
532,463
532,481
532,496
532,503
532,504
532,506
532,507
532,543
532,570
532,608
532,635
532,636
532,869
533,264
533,393
533,421
533,484
533,485
534,218
534,308
534,339
534,474
534,501
534,511
534,585
534,586
534,590
534,598
534,617
534,1030
534,1031
534,1154
535,223
535,486
535,571
535,578
535,617
536,398
536,438
537,146
537,147
537,327
537,405
537,406
537,539
537,541
537,550
537,551
537,923
538,101
538,595
538,597
539,146
539,147
539,327
539,405
539,406
539,537
539,541
539,550
539,551
539,923
541,146
541,147
541,327
541,405
541,406
541,537
541,539
541,550
541,551
541,923
542,60
542,274
542,766
542,900
543,25
543,42
543,43
543,63
543,94
543,95
543,132
543,149
543,229
543,375
543,395
543,412
543,450
543,460
543,462
543,463
543,481
543,496
543,503
543,504
543,506
543,507
543,532
543,570
543,608
543,635
543,636
543,869
544,416
545,520
545,881
545,930
545,988
546,593
547,4
547,15
547,28
547,80
547,102
547,136
547,141
547,175
547,211
547,219
547,419
547,548
547,592
548,4
548,15
548,80
548,102
548,136
548,211
548,219
548,419
548,547
548,592
549,107
549,145
549,277
549,278
549,916
549,1057
550,287
550,405
550,406
550,537
550,539
550,541
550,551
550,923
550,1036
551,146
551,147
551,327
551,405
551,406
551,537
551,539
551,541
551,550
551,923
553,11
553,21
553,26
553,51
553,55
553,62
553,89
553,103
553,311
553,351
553,376
553,408
553,409
553,522
553,530
553,559
553,569
553,572
553,574
553,588
553,594
553,610
553,611
553,691
553,722
553,754
553,805
553,1063
554,313
554,326
554,388
554,401
554,425
554,459
554,466
554,479
554,480
554,499
554,510
554,513
554,525
554,555
554,579
554,804
555,313
555,326
555,388
555,401
555,425
555,459
555,466
555,479
555,480
555,499
555,510
555,513
555,525
555,554
555,579
555,804
556,3
556,81
556,83
556,165
556,251
556,272
556,325
556,372
556,470
556,498
556,500
556,600
556,769
556,786
556,995
556,1016
556,1101
556,1105
556,1106
556,1107
556,1116
556,1120
556,1148
556,1149
556,1157
557,563
557,601
557,606
557,707
557,789
557,903
557,958
557,993
557,1094
557,1098
558,186
558,347
558,437
558,730
558,860
558,1052
559,26
559,29
559,62
559,89
559,103
559,135
559,267
559,299
559,300
559,310
559,311
559,349
559,408
559,409
559,467
559,521
559,522
559,553
559,569
559,572
559,588
559,691
559,722
559,754
559,795
559,927
559,1063
559,1125
560,712
561,474
561,562
561,585
561,586
561,590
561,598
561,1030
561,1031
561,1154
562,474
562,561
562,585
562,586
562,590
562,598
562,1030
562,1031
562,1154
563,557
563,601
563,606
563,707
563,789
563,903
563,958
563,993
563,1094
563,1098
564,119
564,163
564,167
564,189
564,208
564,233
564,234
564,279
564,280
564,283
564,284
564,289
564,323
564,324
564,328
564,341
564,342
564,343
564,354
564,363
564,740
564,1013
565,23
565,218
565,275
565,308
565,339
565,501
565,511
565,566
565,567
566,23
566,218
566,275
566,308
566,339
566,501
566,511
566,565
566,567
567,23
567,565
567,566
568,304
568,338
568,367
568,374
568,389
568,397
568,428
568,526
569,26
569,29
569,62
569,89
569,103
569,135
569,267
569,299
569,300
569,310
569,311
569,349
569,408
569,409
569,467
569,521
569,522
569,553
569,559
569,572
569,588
569,691
569,722
569,754
569,795
569,927
569,1063
569,1125
570,25
570,42
570,43
570,63
570,94
570,95
570,412
570,450
570,460
570,481
570,504
570,506
570,532
570,543
570,608
570,636
570,869
571,223
571,486
571,535
571,578
571,617
572,11
572,21
572,26
572,51
572,55
572,62
572,89
572,103
572,311
572,351
572,376
572,408
572,409
572,522
572,530
572,553
572,559
572,569
572,574
572,588
572,594
572,610
572,611
572,691
572,722
572,754
572,805
572,1063
573,65
573,92
573,171
573,256
573,334
573,1005
574,11
574,21
574,26
574,51
574,55
574,62
574,89
574,311
574,336
574,351
574,376
574,408
574,409
574,522
574,530
574,553
574,572
574,588
574,594
574,610
574,611
574,691
574,722
574,805
574,1063
575,293
575,416
577,274
577,461
577,495
577,583
577,613
577,622
577,623
577,631
577,766
577,975
577,1065
577,1109
578,223
578,486
578,535
578,571
578,617
579,313
579,326
579,388
579,401
579,425
579,459
579,466
579,479
579,480
579,499
579,510
579,513
579,525
579,554
579,555
579,804
580,82
580,200
580,512
580,514
580,584
580,589
580,591
580,599
580,602
580,864
580,1138
581,275
581,511
581,1154
583,274
583,461
583,495
583,577
583,613
583,622
583,623
583,631
583,766
583,975
583,1065
583,1109
584,82
584,200
584,512
584,514
584,580
584,589
584,591
584,599
584,602
584,864
584,1138
585,474
585,534
585,561
585,562
585,586
585,590
585,598
585,1030
585,1031
585,1154
586,474
586,534
586,561
586,562
586,585
586,590
586,598
586,1030
586,1031
586,1154
587,72
587,227
587,358
587,670
587,883
588,11
588,21
588,26
588,51
588,55
588,62
588,89
588,103
588,311
588,351
588,376
588,408
588,409
588,522
588,530
588,553
588,559
588,569
588,572
588,574
588,594
588,610
588,611
588,691
588,722
588,754
588,805
588,1063
589,82
589,200
589,512
589,514
589,580
589,584
589,591
589,599
589,602
589,864
589,1138
590,474
590,534
590,561
590,562
590,585
590,586
590,598
590,1030
590,1031
590,1154
591,82
591,200
591,512
591,514
591,580
591,584
591,589
591,599
591,602
591,864
591,1138
592,4
592,15
592,80
592,102
592,136
592,211
592,219
592,419
592,547
592,548
593,546
594,11
594,21
594,26
594,51
594,55
594,62
594,89
594,311
594,336
594,351
594,376
594,408
594,409
594,522
594,530
594,553
594,572
594,574
594,588
594,610
594,611
594,691
594,722
594,805
594,1063
595,101
595,538
595,597
596,56
596,171
596,256
596,266
596,620
596,674
597,101
597,538
597,595
598,474
598,534
598,561
598,562
598,585
598,586
598,590
598,1030
598,1031
598,1154
599,82
599,200
599,512
599,514
599,580
599,584
599,589
599,591
599,602
599,864
599,1138
600,3
600,81
600,83
600,165
600,272
600,325
600,372
600,470
600,498
600,556
600,769
600,786
600,1016
600,1101
600,1105
600,1106
600,1107
600,1116
600,1120
600,1149
600,1157
601,557
601,563
601,606
601,707
601,789
601,903
601,958
601,993
601,1094
601,1098
602,82
602,200
602,512
602,514
602,580
602,584
602,589
602,591
602,599
602,864
602,1138
603,133
603,238
603,253
603,333
603,476
603,488
603,614
603,630
603,791
605,615
605,644
605,1121
606,557
606,563
606,601
606,707
606,789
606,903
606,958
606,993
606,1094
606,1098
607,96
607,254
607,255
607,449
607,618
607,621
607,936
607,974
607,1092
607,1093
608,25
608,42
608,43
608,63
608,94
608,95
608,132
608,149
608,229
608,375
608,395
608,412
608,450
608,460
608,462
608,463
608,481
608,496
608,503
608,504
608,506
608,507
608,532
608,543
608,570
608,635
608,636
608,869
609,380
609,626
609,627
609,629
609,647
610,11
610,21
610,26
610,51
610,55
610,62
610,89
610,311
610,336
610,351
610,376
610,408
610,409
610,522
610,530
610,553
610,572
610,574
610,588
610,594
610,611
610,691
610,722
610,805
610,1063
611,11
611,21
611,26
611,51
611,55
611,62
611,89
611,311
611,336
611,351
611,376
611,408
611,409
611,522
611,530
611,553
611,572
611,574
611,588
611,594
611,610
611,691
611,722
611,805
611,1063
612,18
612,131
612,320
612,867
612,965
612,1004
613,461
613,495
613,577
613,583
613,622
613,623
613,631
613,975
613,1065
614,133
614,238
614,253
614,333
614,476
614,488
614,603
614,630
614,791
615,605
615,644
615,1121
616,689
616,905
617,218
617,223
617,308
617,339
617,486
617,501
617,534
617,535
617,571
617,578
618,96
618,254
618,255
618,449
618,607
618,621
618,936
618,974
618,1092
618,1093
619,377
620,56
620,171
620,256
620,266
620,596
620,674
621,96
621,254
621,255
621,449
621,607
621,618
621,936
621,974
621,1092
621,1093
622,274
622,461
622,495
622,577
622,583
622,613
622,623
622,631
622,766
622,975
622,1065
622,1109
623,274
623,461
623,495
623,577
623,583
623,613
623,622
623,631
623,766
623,975
623,1065
623,1109
624,69
624,207
624,286
624,902
626,176
626,609
626,627
626,629
627,176
627,609
627,626
627,629
628,380
628,524
629,176
629,609
629,626
629,627
630,133
630,238
630,253
630,333
630,476
630,488
630,603
630,614
630,791
631,274
631,461
631,495
631,577
631,583
631,613
631,622
631,623
631,766
631,975
631,1065
631,1109
632,151
632,196
632,243
632,276
632,312
632,444
632,454
632,455
632,458
632,633
632,634
632,638
632,699
632,749
632,945
632,1095
633,151
633,196
633,243
633,276
633,312
633,444
633,454
633,455
633,458
633,632
633,634
633,638
633,699
633,749
633,945
633,1095
634,151
634,196
634,243
634,276
634,312
634,444
634,454
634,455
634,458
634,632
634,633
634,638
634,699
634,749
634,945
634,1095
635,132
635,149
635,229
635,265
635,315
635,346
635,375
635,395
635,396
635,402
635,412
635,460
635,462
635,463
635,481
635,493
635,496
635,503
635,507
635,532
635,543
635,608
636,25
636,42
636,43
636,63
636,265
636,396
636,412
636,460
636,481
636,504
636,506
636,532
636,543
636,570
636,608
637,639
638,151
638,196
638,243
638,276
638,312
638,444
638,454
638,455
638,458
638,632
638,633
638,634
638,699
638,749
638,945
638,1095
639,637
640,19
640,44
640,100
640,1091
641,1000
642,97
642,933
643,1007
644,605
644,615
644,1121
645,53
645,659
645,672
645,677
647,176
647,282
647,353
647,380
647,524
647,609
649,1085
650,8
650,14
650,70
650,140
650,318
650,497
650,684
650,759
650,1081
653,1141
655,9
655,31
655,110
655,112
655,237
655,241
655,348
655,875
655,943
657,120
657,205
657,244
657,679
657,701
657,732
657,760
657,794
657,829
657,854
658,528
658,667
658,778
658,897
658,915
659,53
659,261
659,645
659,672
659,677
661,27
661,46
661,122
661,181
661,206
661,214
661,231
661,263
661,666
661,680
661,682
661,848
661,1041
662,1102
663,347
663,770
664,797
664,929
665,756
666,122
666,661
666,848
666,1041
667,528
667,658
667,778
667,897
667,915
670,72
670,227
670,358
670,587
670,883
671,97
671,725
672,53
672,645
672,659
672,677
673,71
673,143
673,362
673,690
673,838
673,847
673,955
674,56
674,171
674,256
674,266
674,596
674,620
675,179
675,349
675,927
676,508
676,746
676,775
676,971
677,53
677,261
677,645
677,659
677,672
678,683
679,657
679,701
679,760
679,794
680,12
680,27
680,30
680,46
680,122
680,181
680,206
680,214
680,231
680,263
680,661
680,682
680,848
680,1041
682,12
682,27
682,30
682,46
682,122
682,181
682,206
682,214
682,231
682,263
682,661
682,680
682,848
682,1041
683,429
683,433
683,435
683,678
683,734
683,807
683,813
683,823
683,879
683,942
684,8
684,13
684,14
684,70
684,140
684,318
684,497
684,650
684,759
684,1081
685,892
686,24
686,91
686,114
686,170
686,260
686,441
686,697
686,721
686,733
686,761
686,1111
687,464
687,784
687,888
687,952
687,983
687,1043
687,1104
688,703
689,616
690,71
690,143
690,362
690,673
690,838
690,847
690,955
690,1048
691,11
691,21
691,26
691,51
691,55
691,62
691,89
691,103
691,311
691,351
691,376
691,408
691,409
691,522
691,530
691,553
691,559
691,569
691,572
691,574
691,588
691,594
691,610
691,611
691,722
691,754
691,805
691,1063
694,711
694,726
694,765
694,851
695,139
695,724
696,748
696,790
697,24
697,91
697,114
697,170
697,260
697,441
697,686
697,721
697,733
697,761
697,1111
697,1123
697,1124
698,209
698,1112
699,151
699,196
699,243
699,276
699,312
699,444
699,454
699,455
699,458
699,632
699,633
699,634
699,638
699,749
699,945
699,1095
701,657
701,679
701,760
701,794
703,688
704,212
704,302
704,489
704,905
704,918
704,934
704,969
704,1009
704,1045
705,837
705,997
705,1131
706,38
706,49
706,719
706,899
706,913
706,925
706,926
707,557
707,563
707,601
707,606
707,789
707,903
707,993
707,1094
707,1098
708,710
710,708
711,694
711,726
711,765
711,851
712,560
715,515
715,815
715,886
715,914
715,949
715,1103
717,32
717,47
717,74
717,150
717,203
717,204
717,404
717,440
717,745
717,816
717,920
717,921
717,940
717,941
718,261
718,491
718,492
718,755
718,776
718,821
718,861
718,890
718,1135
719,38
719,49
719,706
719,899
719,913
719,925
719,926
720,76
720,768
720,774
721,24
721,91
721,114
721,170
721,260
721,441
721,686
721,697
721,733
721,761
721,1111
722,11
722,21
722,26
722,51
722,55
722,62
722,89
722,103
722,311
722,351
722,376
722,408
722,409
722,522
722,530
722,553
722,559
722,569
722,572
722,574
722,588
722,594
722,610
722,611
722,691
722,754
722,805
722,1063
723,87
723,111
723,764
723,1084
724,139
724,695
725,97
725,671
726,694
726,711
726,765
726,851
727,57
727,185
727,190
728,188
728,213
728,224
728,321
728,350
728,729
728,1002
729,122
729,188
729,321
729,350
729,728
729,1002
730,186
730,347
730,437
730,558
730,860
730,1052
731,750
732,205
732,244
732,657
732,829
732,854
733,24
733,91
733,114
733,170
733,260
733,441
733,686
733,697
733,721
733,761
733,1111
733,1123
733,1124
734,435
734,683
734,807
734,813
734,823
734,879
734,942
735,737
735,738
737,735
737,738
738,735
738,737
740,119
740,163
740,167
740,189
740,208
740,233
740,234
740,279
740,280
740,283
740,284
740,289
740,323
740,324
740,328
740,341
740,342
740,343
740,354
740,363
740,564
740,1013
741,980
742,93
742,1033
743,317
743,473
745,32
745,47
745,74
745,150
745,203
745,204
745,404
745,440
745,717
745,816
745,920
745,921
745,940
745,941
746,508
746,676
746,775
746,971
747,517
748,696
748,790
749,151
749,196
749,243
749,276
749,312
749,444
749,454
749,455
749,458
749,632
749,633
749,634
749,638
749,699
749,945
749,1095
749,1139
750,731
751,978
751,1062
754,26
754,29
754,62
754,89
754,103
754,135
754,267
754,299
754,300
754,310
754,311
754,349
754,408
754,409
754,467
754,521
754,522
754,553
754,559
754,569
754,572
754,588
754,691
754,722
754,795
754,927
754,1063
754,1125
755,261
755,491
755,492
755,718
755,776
755,821
755,861
755,890
755,1135
756,665
757,123
757,126
757,129
757,164
757,271
757,392
757,477
757,531
757,887
757,916
759,8
759,13
759,14
759,70
759,140
759,318
759,497
759,650
759,684
759,1081
760,120
760,657
760,679
760,701
760,794
761,24
761,91
761,114
761,170
761,260
761,441
761,686
761,697
761,721
761,733
761,1111
761,1123
761,1124
762,809
762,922
762,1097
762,1127
763,180
763,195
763,245
763,269
763,270
763,426
763,456
763,494
763,518
763,519
763,799
764,87
764,111
764,723
764,1084
765,694
765,711
765,726
765,851
766,60
766,274
766,495
766,542
766,577
766,583
766,622
766,623
766,631
766,900
766,975
766,1065
766,1109
767,37
767,198
767,951
768,76
768,720
768,774
769,3
769,81
769,83
769,165
769,272
769,325
769,372
769,470
769,498
769,556
769,600
769,786
769,1016
769,1101
769,1105
769,1106
769,1107
769,1116
769,1120
769,1149
769,1157
770,347
770,663
771,772
772,771
774,76
774,720
774,768
775,508
775,676
775,746
775,971
776,261
776,491
776,492
776,718
776,755
776,821
776,861
776,890
776,1135
777,37
777,895
777,964
778,528
778,658
778,667
778,897
778,915
779,158
779,956
782,1
782,5
782,22
782,162
782,407
782,1078
782,1159
783,529
783,798
783,844
783,917
783,957
784,464
784,687
784,888
784,952
784,983
784,1043
784,1104
785,369
786,3
786,81
786,83
786,165
786,272
786,325
786,372
786,470
786,498
786,556
786,600
786,769
786,1016
786,1101
786,1105
786,1106
786,1107
786,1116
786,1120
786,1149
786,1157
787,939
788,366
788,383
788,431
788,432
788,502
788,835
789,557
789,563
789,601
789,606
789,707
789,903
789,993
789,1094
789,1098
790,696
790,748
791,133
791,238
791,253
791,333
791,476
791,488
791,603
791,614
791,630
794,657
794,679
794,701
794,760
795,29
795,103
795,135
795,267
795,299
795,300
795,310
795,467
795,521
795,559
795,569
795,754
795,1125
796,797
796,1079
797,664
797,796
797,929
798,783
798,844
798,917
799,180
799,195
799,245
799,269
799,270
799,313
799,326
799,379
799,426
799,456
799,494
799,509
799,510
799,513
799,518
799,519
799,763
799,804
800,61
800,96
800,254
800,255
800,930
800,936
800,974
800,1003
800,1100
801,373
802,411
802,814
802,954
803,67
803,127
803,137
803,335
803,368
804,313
804,326
804,379
804,388
804,401
804,425
804,459
804,466
804,479
804,480
804,499
804,509
804,510
804,513
804,518
804,525
804,554
804,555
804,579
804,799
805,11
805,21
805,26
805,51
805,55
805,62
805,89
805,311
805,336
805,351
805,376
805,408
805,409
805,522
805,530
805,553
805,572
805,574
805,588
805,594
805,610
805,611
805,691
805,722
805,1063
806,849
806,880
807,435
807,683
807,734
807,813
807,823
807,879
807,942
808,297
808,370
808,381
808,1119
809,762
809,922
809,1097
809,1127
810,832
810,893
810,1020
810,1021
810,1022
810,1023
810,1024
810,1025
810,1026
810,1054
810,1058
810,1059
811,355
811,446
811,448
811,527
813,435
813,683
813,734
813,807
813,823
813,879
813,942
814,411
814,802
814,954
815,515
815,715
815,886
815,914
815,949
815,1103
816,32
816,47
816,74
816,150
816,203
816,204
816,404
816,440
816,717
816,745
816,920
816,921
816,940
816,941
817,20
817,818
817,868
817,986
817,1018
817,1086
818,316
818,817
818,868
818,986
818,1018
818,1086
820,853
820,932
820,972
821,261
821,491
821,492
821,718
821,755
821,776
821,861
821,890
821,1135
823,435
823,683
823,734
823,807
823,813
823,879
823,942
826,827
826,1014
826,1072
826,1114
827,826
827,1014
827,1072
827,1114
828,18
828,31
828,240
828,348
828,385
828,386
828,387
828,846
828,882
828,950
828,965
829,120
829,205
829,244
829,657
829,732
829,854
830,369
831,20
831,184
831,295
831,296
831,316
831,427
831,841
831,987
832,810
832,893
832,1020
832,1021
832,1022
832,1054
832,1059
833,465
835,366
835,383
835,431
835,432
835,502
835,788
836,843
836,946
837,705
837,997
837,1131
838,71
838,143
838,362
838,673
838,690
838,847
838,955
841,20
841,184
841,295
841,296
841,316
841,427
841,831
841,987
842,232
842,482
842,894
842,1089
843,836
843,946
844,529
844,783
844,798
844,917
844,957
846,18
846,31
846,240
846,348
846,385
846,386
846,387
846,828
846,882
846,950
846,965
847,71
847,143
847,362
847,673
847,690
847,838
847,955
848,27
848,46
848,122
848,181
848,206
848,214
848,231
848,263
848,661
848,666
848,680
848,682
848,1041
849,806
849,880
851,694
851,711
851,726
851,765
852,340
852,924
852,959
853,820
853,932
853,972
854,120
854,205
854,244
854,657
854,732
854,829
855,856
855,906
855,907
855,909
855,910
855,911
855,912
855,961
855,962
856,855
856,906
856,907
856,909
856,910
856,911
856,912
856,961
856,962
857,436
857,874
857,908
857,963
857,999
857,1034
857,1118
860,186
860,347
860,437
860,558
860,730
861,261
861,491
861,492
861,718
861,755
861,776
861,821
861,890
861,1135
864,82
864,200
864,512
864,514
864,580
864,584
864,589
864,591
864,599
864,602
864,1138
865,1150
866,273
866,967
866,1038
867,131
867,612
867,1004
868,20
868,316
868,817
868,818
868,986
868,1018
868,1086
869,94
869,95
869,460
869,532
869,543
869,570
869,608
870,156
870,1015
870,1075
872,322
873,977
874,857
874,908
874,963
874,998
874,999
875,9
875,110
875,112
875,655
876,979
876,1035
876,1117
877,345
877,901
879,435
879,683
879,734
879,807
879,813
879,823
879,942
880,806
880,849
881,520
881,545
881,930
881,988
882,31
882,160
882,240
882,249
882,348
882,385
882,386
882,387
882,828
882,846
882,950
883,72
883,227
883,358
883,587
883,670
885,16
885,187
885,221
885,248
885,329
885,365
885,424
885,430
886,515
886,715
886,815
886,914
886,949
886,1103
887,123
887,126
887,129
887,164
887,271
887,392
887,477
887,531
887,757
887,916
888,464
888,687
888,784
888,952
888,983
888,1043
888,1104
889,1060
890,261
890,491
890,492
890,718
890,755
890,776
890,821
890,861
890,1135
891,198
891,320
891,951
892,685
893,810
893,832
893,1020
893,1021
893,1022
893,1023
893,1024
893,1025
893,1026
893,1054
893,1058
893,1059
894,482
894,842
894,1089
895,37
895,259
895,777
895,964
895,1061
895,1090
896,226
897,658
897,667
897,778
897,915
899,38
899,49
899,706
899,719
899,913
899,925
899,926
900,60
900,274
900,542
900,766
901,345
901,877
902,69
902,207
902,286
902,624
903,557
903,563
903,601
903,606
903,707
903,789
903,993
903,1094
903,1098
904,483
904,1122
904,1129
905,212
905,302
905,489
905,616
905,704
905,918
905,934
905,969
905,1009
905,1045
906,855
906,856
906,907
906,909
906,910
906,911
906,912
906,961
906,962
907,855
907,856
907,906
907,909
907,910
907,911
907,912
907,961
907,962
908,436
908,857
908,874
908,963
908,999
908,1034
908,1118
909,855
909,856
909,906
909,907
909,910
909,911
909,912
909,961
909,962
910,855
910,856
910,906
910,907
910,909
910,911
910,912
910,961
910,962
911,855
911,856
911,906
911,907
911,909
911,910
911,912
911,961
911,962
912,855
912,856
912,906
912,907
912,909
912,910
912,911
912,961
912,962
913,38
913,49
913,706
913,719
913,899
913,925
913,926
914,45
914,58
914,59
914,134
914,201
914,515
914,715
914,815
914,886
914,947
914,949
914,1074
915,528
915,658
915,667
915,778
915,897
916,107
916,123
916,126
916,129
916,271
916,277
916,392
916,477
916,531
916,549
916,757
916,887
916,1057
917,529
917,783
917,798
917,844
917,957
918,212
918,302
918,489
918,704
918,905
918,934
918,969
918,1009
918,1045
919,966
919,1027
919,1028
919,1029
920,32
920,47
920,74
920,150
920,203
920,204
920,404
920,440
920,717
920,745
920,816
920,921
920,940
920,941
921,32
921,47
921,74
921,150
921,203
921,204
921,404
921,440
921,717
921,745
921,816
921,920
921,940
921,941
922,762
922,809
922,1097
922,1127
923,287
923,405
923,406
923,537
923,539
923,541
923,550
923,551
923,1036
924,340
924,852
924,959
925,38
925,49
925,706
925,719
925,899
925,913
925,926
926,38
926,49
926,706
926,719
926,899
926,913
926,925
927,103
927,179
927,349
927,559
927,569
927,675
927,754
929,664
929,797
930,61
930,520
930,545
930,800
930,881
930,988
930,1003
930,1100
931,48
931,177
932,820
932,853
932,972
933,97
933,642
934,212
934,302
934,489
934,704
934,905
934,918
934,969
934,1009
934,1045
936,61
936,96
936,254
936,255
936,449
936,607
936,618
936,621
936,800
936,974
936,1003
936,1092
936,1093
936,1100
937,298
939,787
940,32
940,47
940,74
940,150
940,203
940,204
940,404
940,440
940,717
940,745
940,816
940,920
940,921
940,941
941,32
941,47
941,74
941,150
941,203
941,204
941,404
941,440
941,717
941,745
941,816
941,920
941,921
941,940
942,435
942,683
942,734
942,807
942,813
942,823
942,879
943,9
943,31
943,348
943,655
944,356
944,948
944,965
945,151
945,196
945,243
945,276
945,312
945,444
945,454
945,455
945,458
945,632
945,633
945,634
945,638
945,699
945,749
945,1095
946,836
946,843
947,45
947,58
947,59
947,134
947,201
947,414
947,515
947,914
947,1074
948,160
948,249
948,258
948,356
948,505
948,944
948,1033
949,515
949,715
949,815
949,886
949,914
949,1103
950,31
950,160
950,240
950,249
950,348
950,385
950,386
950,387
950,828
950,846
950,882
951,10
951,198
951,767
951,891
952,6
952,17
952,197
952,252
952,294
952,464
952,687
952,784
952,888
952,983
952,1001
952,1043
952,1104
954,411
954,802
954,814
955,71
955,143
955,362
955,673
955,690
955,838
955,847
955,1048
956,158
956,779
957,529
957,783
957,844
957,917
958,557
958,563
958,601
958,606
959,340
959,852
959,924
960,242
960,1052
960,1132
961,855
961,856
961,906
961,907
961,909
961,910
961,911
961,912
961,962
962,855
962,856
962,906
962,907
962,909
962,910
962,911
962,912
962,961
963,436
963,857
963,874
963,908
963,999
963,1034
963,1118
964,259
964,777
964,895
964,1061
964,1090
965,18
965,385
965,386
965,387
965,612
965,828
965,846
965,944
966,919
966,1027
966,1028
966,1029
967,273
967,866
967,1038
969,212
969,302
969,489
969,704
969,905
969,918
969,934
969,1009
969,1045
970,105
971,508
971,676
971,746
971,775
972,820
972,853
972,932
973,10
973,210
973,320
973,1068
974,61
974,96
974,254
974,255
974,449
974,607
974,618
974,621
974,800
974,936
974,1003
974,1092
974,1093
974,1100
975,274
975,461
975,495
975,577
975,583
975,613
975,622
975,623
975,631
975,766
975,1065
975,1109
976,113
976,153
976,239
976,306
976,357
976,989
977,873
978,751
978,1062
979,876
979,1035
979,1117
980,741
981,216
981,217
981,452
981,1099
982,146
982,147
982,327
982,403
983,464
983,687
983,784
983,888
983,952
983,1043
983,1104
984,68
984,457
984,471
984,985
985,68
985,457
985,471
985,984
986,316
986,817
986,818
986,868
986,1018
986,1086
987,20
987,184
987,295
987,296
987,316
987,427
987,831
987,841
988,520
988,545
988,881
988,930
989,113
989,153
989,239
989,306
989,357
989,976
991,114
991,260
992,33
992,66
992,75
992,90
992,117
992,124
992,1056
993,557
993,563
993,601
993,606
993,707
993,789
993,903
993,1094
993,1098
995,165
995,272
995,470
995,498
995,556
995,1016
995,1149
996,77
996,228
996,1042
996,1077
997,705
997,837
997,1131
998,874
999,436
999,857
999,874
999,908
999,963
999,1034
999,1118
1000,641
1001,6
1001,17
1001,197
1001,294
1001,464
1001,952
1002,122
1002,188
1002,321
1002,350
1002,728
1002,729
1003,61
1003,96
1003,254
1003,255
1003,800
1003,930
1003,936
1003,974
1003,1100
1004,18
1004,131
1004,320
1004,612
1004,867
1005,65
1005,92
1005,171
1005,256
1005,334
1005,573
1006,193
1007,643
1008,40
1008,1126
1009,212
1009,302
1009,489
1009,704
1009,905
1009,918
1009,934
1009,969
1009,1045
1011,1066
1012,215
1013,119
1013,163
1013,167
1013,189
1013,208
1013,233
1013,234
1013,279
1013,280
1013,283
1013,284
1013,289
1013,323
1013,324
1013,328
1013,341
1013,342
1013,343
1013,354
1013,363
1013,564
1013,740
1014,826
1014,827
1014,1072
1014,1114
1015,156
1015,870
1015,1075
1016,3
1016,81
1016,83
1016,165
1016,251
1016,272
1016,325
1016,372
1016,470
1016,498
1016,500
1016,556
1016,600
1016,769
1016,786
1016,995
1016,1101
1016,1105
1016,1106
1016,1107
1016,1116
1016,1120
1016,1148
1016,1149
1016,1157
1017,148
1017,268
1017,359
1017,1055
1017,1070
1018,316
1018,817
1018,818
1018,868
1018,986
1018,1086
1019,1153
1020,810
1020,832
1020,893
1020,1021
1020,1022
1020,1023
1020,1024
1020,1025
1020,1026
1020,1054
1020,1058
1020,1059
1021,810
1021,832
1021,893
1021,1020
1021,1022
1021,1023
1021,1024
1021,1025
1021,1026
1021,1054
1021,1058
1021,1059
1022,810
1022,832
1022,893
1022,1020
1022,1021
1022,1054
1022,1059
1023,810
1023,893
1023,1020
1023,1021
1023,1024
1023,1025
1023,1026
1023,1054
1023,1058
1023,1059
1024,810
1024,893
1024,1020
1024,1021
1024,1023
1024,1025
1024,1026
1024,1054
1024,1058
1024,1059
1025,810
1025,893
1025,1020
1025,1021
1025,1023
1025,1024
1025,1026
1025,1054
1025,1058
1025,1059
1026,810
1026,893
1026,1020
1026,1021
1026,1023
1026,1024
1026,1025
1026,1054
1026,1058
1026,1059
1027,919
1027,966
1027,1028
1027,1029
1028,919
1028,966
1028,1027
1028,1029
1029,919
1029,966
1029,1027
1029,1028
1030,474
1030,534
1030,561
1030,562
1030,585
1030,586
1030,590
1030,598
1030,1031
1030,1154
1031,474
1031,534
1031,561
1031,562
1031,585
1031,586
1031,590
1031,598
1031,1030
1031,1154
1032,382
1032,1037
1033,93
1033,250
1033,356
1033,742
1033,948
1034,436
1034,857
1034,908
1034,963
1034,999
1034,1118
1035,876
1035,979
1035,1117
1036,287
1036,405
1036,406
1036,550
1036,923
1037,288
1037,330
1037,331
1037,382
1037,422
1037,423
1037,1032
1037,1123
1037,1124
1038,273
1038,866
1038,967
1041,27
1041,46
1041,122
1041,181
1041,206
1041,214
1041,231
1041,263
1041,661
1041,666
1041,680
1041,682
1041,848
1042,77
1042,228
1042,996
1042,1077
1043,464
1043,687
1043,784
1043,888
1043,952
1043,983
1043,1104
1045,212
1045,302
1045,489
1045,704
1045,905
1045,918
1045,934
1045,969
1045,1009
1047,199
1047,434
1047,1096
1047,1108
1047,1137
1048,71
1048,143
1048,148
1048,690
1048,955
1050,1051
1051,1050
1052,437
1052,558
1052,730
1052,960
1052,1132
1054,810
1054,832
1054,893
1054,1020
1054,1021
1054,1022
1054,1023
1054,1024
1054,1025
1054,1026
1054,1058
1054,1059
1055,359
1055,1017
1055,1070
1056,33
1056,66
1056,75
1056,90
1056,117
1056,124
1056,992
1057,107
1057,277
1057,344
1057,549
1057,916
1058,810
1058,893
1058,1020
1058,1021
1058,1023
1058,1024
1058,1025
1058,1026
1058,1054
1058,1059
1059,810
1059,832
1059,893
1059,1020
1059,1021
1059,1022
1059,1023
1059,1024
1059,1025
1059,1026
1059,1054
1059,1058
1060,889
1061,259
1061,895
1061,964
1061,1090
1062,751
1062,978
1063,11
1063,21
1063,26
1063,51
1063,55
1063,62
1063,89
1063,103
1063,311
1063,351
1063,376
1063,408
1063,409
1063,522
1063,530
1063,553
1063,559
1063,569
1063,572
1063,574
1063,588
1063,594
1063,610
1063,611
1063,691
1063,722
1063,754
1063,805
1065,274
1065,461
1065,495
1065,577
1065,583
1065,613
1065,622
1065,623
1065,631
1065,766
1065,975
1065,1109
1066,1011
1067,487
1067,1088
1068,10
1068,210
1068,973
1069,303
1069,1143
1070,359
1070,1017
1070,1055
1071,1082
1072,826
1072,827
1072,1014
1072,1114
1074,45
1074,58
1074,59
1074,134
1074,201
1074,414
1074,515
1074,914
1074,947
1075,156
1075,870
1075,1015
1076,50
1076,104
1076,159
1076,315
1076,346
1076,402
1076,493
1077,77
1077,228
1077,257
1077,319
1077,442
1077,453
1077,996
1077,1042
1078,1
1078,5
1078,22
1078,162
1078,407
1078,782
1078,1159
1079,796
1081,8
1081,13
1081,14
1081,70
1081,140
1081,318
1081,497
1081,650
1081,684
1081,759
1082,1071
1083,113
1083,239
1083,371
1084,87
1084,111
1084,723
1084,764
1085,649
1086,316
1086,817
1086,818
1086,868
1086,986
1086,1018
1088,487
1088,1067
1089,232
1089,482
1089,842
1089,894
1090,259
1090,895
1090,964
1090,1061
1091,19
1091,44
1091,100
1091,640
1092,96
1092,254
1092,255
1092,449
1092,607
1092,618
1092,621
1092,936
1092,974
1092,1093
1093,96
1093,254
1093,255
1093,449
1093,607
1093,618
1093,621
1093,936
1093,974
1093,1092
1094,557
1094,563
1094,601
1094,606
1094,707
1094,789
1094,903
1094,993
1094,1098
1095,151
1095,196
1095,243
1095,276
1095,312
1095,444
1095,454
1095,455
1095,458
1095,632
1095,633
1095,634
1095,638
1095,699
1095,749
1095,945
1096,199
1096,434
1096,1047
1096,1108
1096,1137
1097,762
1097,809
1097,922
1097,1127
1098,557
1098,563
1098,601
1098,606
1098,707
1098,789
1098,903
1098,993
1098,1094
1099,216
1099,217
1099,452
1099,981
1100,61
1100,96
1100,254
1100,255
1100,800
1100,930
1100,936
1100,974
1100,1003
1101,3
1101,81
1101,83
1101,165
1101,272
1101,325
1101,372
1101,470
1101,498
1101,556
1101,600
1101,769
1101,786
1101,1016
1101,1105
1101,1106
1101,1107
1101,1116
1101,1120
1101,1149
1101,1157
1102,662
1103,252
1103,715
1103,815
1103,886
1103,949
1104,464
1104,687
1104,784
1104,888
1104,952
1104,983
1104,1043
1105,3
1105,81
1105,83
1105,165
1105,272
1105,325
1105,372
1105,470
1105,498
1105,556
1105,600
1105,769
1105,786
1105,1016
1105,1101
1105,1106
1105,1107
1105,1116
1105,1120
1105,1149
1105,1157
1106,3
1106,81
1106,83
1106,165
1106,272
1106,325
1106,372
1106,470
1106,498
1106,556
1106,600
1106,769
1106,786
1106,1016
1106,1101
1106,1105
1106,1107
1106,1116
1106,1120
1106,1149
1106,1157
1107,3
1107,81
1107,83
1107,165
1107,272
1107,325
1107,372
1107,470
1107,498
1107,556
1107,600
1107,769
1107,786
1107,1016
1107,1101
1107,1105
1107,1106
1107,1116
1107,1120
1107,1149
1107,1157
1108,199
1108,434
1108,1047
1108,1096
1108,1137
1109,274
1109,414
1109,495
1109,577
1109,583
1109,622
1109,623
1109,631
1109,766
1109,975
1109,1065
1111,24
1111,91
1111,114
1111,170
1111,260
1111,441
1111,686
1111,697
1111,721
1111,733
1111,761
1112,209
1112,246
1112,698
1113,28
1113,141
1113,175
1114,826
1114,827
1114,1014
1114,1072
1115,451
1115,516
1116,3
1116,81
1116,83
1116,165
1116,272
1116,325
1116,372
1116,470
1116,498
1116,556
1116,600
1116,769
1116,786
1116,1016
1116,1101
1116,1105
1116,1106
1116,1107
1116,1120
1116,1149
1116,1157
1117,876
1117,979
1117,1035
1118,436
1118,857
1118,908
1118,963
1118,999
1118,1034
1119,297
1119,370
1119,381
1119,808
1120,3
1120,81
1120,83
1120,165
1120,272
1120,325
1120,372
1120,470
1120,498
1120,556
1120,600
1120,769
1120,786
1120,1016
1120,1101
1120,1105
1120,1106
1120,1107
1120,1116
1120,1149
1120,1157
1121,605
1121,615
1121,644
1122,483
1122,904
1122,1129
1123,13
1123,288
1123,330
1123,331
1123,382
1123,422
1123,423
1123,697
1123,733
1123,761
1123,1037
1123,1124
1124,13
1124,288
1124,330
1124,331
1124,382
1124,422
1124,423
1124,697
1124,733
1124,761
1124,1037
1124,1123
1125,29
1125,103
1125,135
1125,267
1125,299
1125,300
1125,310
1125,467
1125,521
1125,559
1125,569
1125,754
1125,795
1126,40
1126,1008
1127,762
1127,809
1127,922
1127,1097
1129,483
1129,904
1129,1122
1130,109
1131,705
1131,837
1131,997
1132,242
1132,960
1132,1052
1135,261
1135,491
1135,492
1135,718
1135,755
1135,776
1135,821
1135,861
1135,890
1137,199
1137,434
1137,1047
1137,1096
1137,1108
1138,82
1138,200
1138,512
1138,514
1138,580
1138,584
1138,589
1138,591
1138,599
1138,602
1138,864
1139,455
1139,749
1140,1152
1141,653
1143,303
1143,1069
1144,35
1144,36
1144,138
1144,225
1144,418
1147,337
1148,165
1148,251
1148,272
1148,391
1148,470
1148,498
1148,500
1148,556
1148,1016
1148,1149
1149,3
1149,81
1149,83
1149,165
1149,251
1149,272
1149,325
1149,372
1149,470
1149,498
1149,500
1149,556
1149,600
1149,769
1149,786
1149,995
1149,1016
1149,1101
1149,1105
1149,1106
1149,1107
1149,1116
1149,1120
1149,1148
1149,1157
1150,865
1152,1140
1153,1019
1154,218
1154,275
1154,308
1154,339
1154,474
1154,501
1154,511
1154,534
1154,561
1154,562
1154,581
1154,585
1154,586
1154,590
1154,598
1154,1030
1154,1031
1155,144
1157,3
1157,81
1157,83
1157,165
1157,272
1157,325
1157,372
1157,470
1157,498
1157,556
1157,600
1157,769
1157,786
1157,1016
1157,1101
1157,1105
1157,1106
1157,1107
1157,1116
1157,1120
1157,1149
1159,1
1159,5
1159,22
1159,162
1159,407
1159,782
1159,1078
