Source,Target,Weight
7171,7107,0.36170262819863896
7171,531,0.4025440612585993
7171,373,0.3917726146729762
7171,373,0.40187512825041793
7171,3691,0.44297908309915696
7171,1829,0.3435708305728678
7171,1877,0.44090398891065646
7171,8556,0.090521818440919
7171,1178,0.4040239740574822
7171,7687,0.3913187746733414
7171,8864,0.3969381362761339
7171,534,0.35514733097048545
7171,373,0.4547237331623882
7171,397,0.08262087307969262
7171,8513,0.4299206389383643
2712,705,0.341348485381746
2712,7715,0.4071871604675434
2712,2722,0.2668049835356362
2712,1435,0.38132457071625453
2712,6135,0.4361405478902509
2712,7725,0.4148118750798975
2712,1140,0.19600036389297423
2712,1140,0.19600036389297423
2712,1140,0.19600036389297423
2712,6653,0.2805125131970096
2712,5297,0.34232847670874267
2712,1435,0.35810140444954464
2712,421,0.3480559004995064
2712,1435,0.3432653671454408
2712,6653,0.23699856003516656
2712,1182,0.20927143389878586
2712,6653,0.36432689470947904
2712,2739,0.3027528586637079
2712,680,0.24763320302435732
2712,1179,0.2540972523512438
2712,6617,0.4221342243483262
2712,7689,0.13162422417967645
2712,1431,0.36670591930496294
2712,536,0.3096773384437716
2712,1179,0.2344401169585952
2712,1179,0.2344401169585952
7030,2623,0.49965415253434214
7030,3629,0.410765271278713
7030,328,0.15280548925812087
7030,8810,0.4728921461966624
7030,7107,0.38243257082431364
7030,507,0.25052124711145335
7030,373,0.4638257888124588
7030,373,0.4858560609592578
7030,285,0.1172269681063175
7030,2373,0.4427963755082644
7030,1829,0.462188613685454
7030,2373,0.4427963755082644
7030,2373,0.4427963755082644
7030,3629,0.3127880767870417
7030,373,0.39134305939696923
7030,8513,0.30915140098340826
7030,1026,0.2708725039296701
705,7715,0.0850255685285922
705,8877,0.3618334083002488
705,1435,0.34137355165831085
705,8877,0.3618334083002488
705,6135,0.20897591730966253
705,7725,0.29958370431685344
705,5297,0.07317092409816388
705,401,0.48457272389514133
705,1435,0.3393911742682899
705,421,0.33805397419739613
705,401,0.4361648594517266
705,1435,0.316079160629745
705,1182,0.22126659415076955
705,2739,0.3876380610268329
705,8877,0.3205276644822448
705,680,0.4877476828557714
705,1179,0.09684838873559432
705,7689,0.3955872112524051
705,1431,0.07154962662997555
705,536,0.09344926822614685
705,1179,0.10698248151716573
705,1179,0.10698248151716573
2623,3629,0.15455805858938293
2623,328,0.35747270168656486
2623,8810,0.02676475498113717
2623,7107,0.45940868685972097
2623,401,0.47524110801777997
2623,373,0.3539487888890869
2623,373,0.34046939800405474
2623,285,0.47650888589461937
2623,3691,0.41953366359027267
2623,2373,0.12661205362543546
2623,4249,0.25241539631365756
2623,2373,0.12661205362543546
2623,2373,0.12661205362543546
2623,3629,0.22921348914714912
2623,385,0.3758140444245316
2623,391,0.2547563299844142
2623,5575,0.29825626031841534
2623,8472,0.40627006074287564
2623,373,0.31156608797366253
2623,2373,0.1528290013698939
723,723,0.0
723,7207,0.3657748910404948
723,723,0.01707880755615125
723,4456,0.27020279933606933
723,7207,0.3657748910404948
723,723,0.01707880755615125
723,4456,0.27020279933606933
99,2440,0.1369726873108604
99,4826,0.1568271202542771
99,83,0.25145429547289755
99,1529,0.19663244474602634
99,80,0.39116712288106487
99,4819,0.4825108738659921
99,6753,0.07297813217293082
232,195,0.4033860649881168
232,4171,0.33488701827185696
232,497,0.28623285261178844
232,4249,0.4732124023409984
232,5905,0.22717510746358638
232,3041,0.46532380078885616
232,232,0.0
232,3738,0.3314041487284796
232,6911,0.12704749212014288
232,2550,0.42041133789060275
232,6983,0.3348236224301524
232,2136,0.3665194019448987
232,8472,0.3189943575943016
232,4928,0.25101083134049446
3629,328,0.2581032214193397
3629,8810,0.13749845324642426
3629,7107,0.3048593447757402
3629,401,0.48108548393763584
3629,373,0.20959710971932813
3629,373,0.2028269423651874
3629,285,0.4231604713399294
3629,3691,0.34996925195509876
3629,2373,0.036075140153995745
3629,4249,0.3947503883870055
3629,2373,0.036075140153995745
3629,2373,0.036075140153995745
3629,3629,0.10011059789855983
3629,385,0.45963313614757717
3629,391,0.2646853771240483
3629,5575,0.44784586207235255
3629,373,0.15786626401563117
3629,2373,0.11358364290268022
3629,8513,0.3958703874834285
6622,8915,0.04889499016556241
6622,8550,0.17920233665708996
6622,531,0.4691383505224687
6622,7669,0.3401773568324021
6622,4331,0.08625348097489818
7715,8877,0.285943890398276
7715,1435,0.320163118829007
7715,8877,0.285943890398276
7715,6135,0.14674679648299527
7715,7725,0.2617816024001169
7715,5297,0.06992505005597026
7715,1435,0.32479519275185714
7715,421,0.326237736431241
7715,401,0.4744945145068347
7715,1435,0.3032670758205875
7715,1182,0.25055645798152565
7715,2739,0.393736729995069
7715,8877,0.2386048526133746
7715,1179,0.15309076299610422
7715,7689,0.4741191718275965
7715,1431,0.0440499946646978
7715,536,0.10739225294409623
7715,1179,0.17954122474757858
7715,1179,0.17954122474757858
2440,4826,0.03435195457161424
2440,805,0.42339417305902866
2440,83,0.23066067759080183
2440,1529,0.10569653952349231
2440,80,0.3755125873744917
2440,4819,0.4260358057268875
2440,6753,0.14817233738200838
7207,723,0.37717228150452803
7207,4456,0.2655192016967812
7207,1178,0.20870955479221584
7207,8864,0.2214796627599385
7207,534,0.26173517421073644
328,8810,0.3309111712492169
328,7107,0.29019493286306014
328,507,0.4007689782186933
328,373,0.33151780077313764
328,373,0.3494376114554741
328,285,0.19249660231332505
328,2373,0.290616047591934
328,1829,0.4462088237191498
328,2373,0.290616047591934
328,2373,0.290616047591934
328,3629,0.1600616953302671
328,373,0.2540121845925101
328,2373,0.3713413175797267
328,8513,0.2756548868378876
328,1026,0.35529099919556045
4569,500,0.020175490735044984
4569,176,0.3542274803177441
4569,176,0.3542274803177441
4569,6992,0.14050788106896536
4569,8433,0.3549974962889985
4569,176,0.39157739702393746
4569,176,0.4520080394622471
4569,2208,0.31138326460360277
4569,3395,0.48454516398422653
4569,176,0.42080967801251873
4569,176,0.42080967801251873
4569,8115,0.4146938794109457
4569,176,0.3327905113227462
4569,176,0.352245113623182
4569,4569,0.0
4569,500,0.020175490735044984
4569,8433,0.3549974962889985
4569,1721,0.4151973345363571
8810,7107,0.44122579486414254
8810,401,0.49263221891493914
8810,373,0.3423468279406929
8810,373,0.3308529290578616
8810,285,0.4506248898569674
8810,3691,0.4249138144772927
8810,2373,0.11375113377338673
8810,4249,0.2604135169648794
8810,2373,0.11375113377338673
8810,2373,0.11375113377338673
8810,3629,0.2055049494123429
8810,385,0.4010489957064719
8810,391,0.27015812669355715
8810,5575,0.32202256508394966
8810,8472,0.40569688346692195
8810,373,0.2953630689706037
8810,2373,0.15507741502888633
560,1966,0.4199820069026793
560,6809,0.2103839524681046
560,176,0.4503955490394559
560,176,0.4503955490394559
560,6809,0.2566875244346769
560,8742,0.24602816599944957
560,176,0.35972279037126476
560,176,0.39954689236434976
560,7942,0.26457355234176716
560,560,0.05373878926901833
560,560,0.05373878926901833
560,3395,0.2022594657946322
560,8382,0.3760853936300157
560,176,0.46048793643357105
560,176,0.46048793643357105
560,6809,0.2566875244346769
560,176,0.48814861449013935
560,560,0.0
560,6809,0.2103839524681046
560,770,0.33346991921096614
560,1252,0.31714995374013905
8915,8550,0.1551835043625778
8915,531,0.4225995677019189
8915,7669,0.30788002221431804
8915,7687,0.4629867968995461
8915,4331,0.12109682695503445
1966,6809,0.4763004876079178
1966,6809,0.4862446868410265
1966,560,0.3949718549841551
1966,560,0.3949718549841551
1966,8382,0.48755419351321716
1966,6809,0.4862446868410265
1966,560,0.4199820069026793
1966,6809,0.4763004876079178
1966,770,0.40676207904971556
1966,1252,0.3263631433339977
8877,1435,0.2693572792743924
8877,8877,0.0
8877,6135,0.16120762568488586
8877,7725,0.19429708158613251
8877,5297,0.29936345449512974
8877,1435,0.2935031044791562
8877,421,0.3031966469952482
8877,1435,0.28960993534871987
8877,1182,0.37749016862382906
8877,2739,0.3992497088262636
8877,8877,0.07352448057871948
8877,1179,0.37604418088725816
8877,1431,0.2910666480655388
8877,536,0.31047316290874843
8877,1179,0.4178535538305777
8877,1179,0.4178535538305777
4826,805,0.43577801290589235
4826,83,0.2628877457626711
4826,1529,0.07246355993359964
4826,80,0.40669908926502
4826,4819,0.45064683894620705
4826,6753,0.17848543687841484
723,4456,0.28726350046814
6809,6809,0.04851128022326263
6809,8742,0.11387180921462157
6809,7942,0.2126571475803303
6809,560,0.1679165558341417
6809,560,0.1679165558341417
6809,3395,0.2764790032799825
6809,8382,0.1847621504021312
6809,6809,0.04851128022326263
6809,560,0.2103839524681046
6809,6809,0.0
2722,1435,0.3749696289725995
2722,7725,0.44715601059157084
2722,1140,0.30142419570334494
2722,1140,0.30142419570334494
2722,1140,0.30142419570334494
2722,6653,0.0508022406424044
2722,1435,0.34939660449015564
2722,421,0.3391407980369401
2722,1435,0.3517890941816764
2722,6653,0.07845073576562049
2722,1182,0.3253935790949848
2722,6653,0.1559035452194764
2722,2739,0.2446408194087783
2722,680,0.456547632505718
2722,1179,0.4416447103258472
2722,7689,0.36722075027636303
2722,536,0.4687563739829536
2722,1179,0.44471164363210797
2722,1179,0.44471164363210797
1435,8877,0.2693572792743924
1435,6135,0.20556965222021342
1435,7725,0.08104055829478587
1435,6653,0.425231029891363
1435,5297,0.27210723647387886
1435,1435,0.02639959912574297
1435,421,0.037348904178027414
1435,1435,0.038640017002184265
1435,6653,0.4298446122298915
1435,1182,0.19179636186884405
1435,2739,0.1306833200161766
1435,8877,0.3070804663261622
1435,1179,0.2827785218805055
1435,1431,0.2877655150851161
1435,536,0.24847398980296193
1435,1179,0.32033146346198266
1435,1179,0.32033146346198266
8877,6135,0.16120762568488586
8877,7725,0.19429708158613251
8877,5297,0.29936345449512974
8877,1435,0.2935031044791562
8877,421,0.3031966469952482
8877,1435,0.28960993534871987
8877,1182,0.37749016862382906
8877,2739,0.3992497088262636
8877,8877,0.07352448057871948
8877,1179,0.37604418088725816
8877,1431,0.2910666480655388
8877,536,0.31047316290874843
8877,1179,0.4178535538305777
8877,1179,0.4178535538305777
6135,7725,0.13093998676145638
6135,5297,0.14093754004499703
6135,1435,0.21934749725205288
6135,421,0.22481942587356804
6135,1435,0.20347933297829127
6135,1182,0.23396520607955823
6135,2739,0.31265671386498906
6135,8877,0.1458953928087129
6135,1179,0.21488077233817757
6135,1431,0.13758371907353456
6135,536,0.14928000044415818
6135,1179,0.256653921376559
6135,1179,0.256653921376559
7725,6653,0.49658763452648513
7725,5297,0.22667832703570928
7725,1435,0.10180206318405828
7725,421,0.11054624980636413
7725,1435,0.09538622368560733
7725,6653,0.49642155031868634
7725,1182,0.20832802018682328
7725,2739,0.206474666768503
7725,8877,0.22664910650695208
7725,1179,0.2622214143092107
7725,1431,0.2365841202266508
7725,536,0.21251240075110556
7725,1179,0.30402485406988783
7725,1179,0.30402485406988783
1140,1140,0.0
1140,1140,0.0
1140,6653,0.28007937609193034
1140,6653,0.22918739397184582
1140,1182,0.40180932542450243
1140,6653,0.30616836116523893
1140,2739,0.4543871510489716
1140,680,0.17769293141248477
1140,1179,0.44599747836265846
1140,6617,0.37821201599286003
1140,7689,0.1539412750739686
1140,1179,0.42063865126887323
1140,1179,0.42063865126887323
1140,677,0.4121835491888098
1140,1140,0.0
1140,6653,0.28007937609193034
1140,6653,0.22918739397184582
1140,1182,0.40180932542450243
1140,6653,0.30616836116523893
1140,2739,0.4543871510489716
1140,680,0.17769293141248477
1140,1179,0.44599747836265846
1140,6617,0.37821201599286003
1140,7689,0.1539412750739686
1140,1179,0.42063865126887323
1140,1179,0.42063865126887323
1140,677,0.4121835491888098
1140,6653,0.28007937609193034
1140,6653,0.22918739397184582
1140,1182,0.40180932542450243
1140,6653,0.30616836116523893
1140,2739,0.4543871510489716
1140,680,0.17769293141248477
1140,1179,0.44599747836265846
1140,6617,0.37821201599286003
1140,7689,0.1539412750739686
1140,1179,0.42063865126887323
1140,1179,0.42063865126887323
1140,677,0.4121835491888098
6653,1435,0.3995308286273681
6653,421,0.38918696231340344
6653,1435,0.4013091153370512
6653,6653,0.052010190637216354
6653,1182,0.3659356289789923
6653,6653,0.10802892980999389
6653,2739,0.29512075016386324
6653,680,0.44532334022507053
6653,1179,0.47690028655140093
6653,7689,0.36615957768657276
6653,1179,0.47639492864515104
6653,1179,0.47639492864515104
195,4171,0.22214794650469263
195,497,0.16569596157903338
195,2039,0.4421082120431257
195,5905,0.2506962055198446
195,232,0.4033860649881168
195,6911,0.4804123136146455
195,8472,0.4107616889618557
195,4928,0.35847643042192634
500,176,0.3467294468848231
500,176,0.3467294468848231
500,6992,0.16029416382491715
500,8433,0.3516102625795988
500,176,0.3800117602378652
500,176,0.4435151026223367
500,2208,0.32093214430193634
500,3395,0.4660026599314019
500,176,0.4147572760001648
500,176,0.4147572760001648
500,8115,0.43482489062428087
500,176,0.3290597898444177
500,176,0.3469044345336129
500,4569,0.020175490735044984
500,500,0.0
500,8433,0.3516102625795988
500,1721,0.4141847831311275
7107,373,0.1559195069944144
7107,373,0.18613146723001928
7107,285,0.4702663591478049
7107,3691,0.39953828463957036
7107,2373,0.33536312404711593
7107,1829,0.24102877017086083
7107,2373,0.33536312404711593
7107,2373,0.33536312404711593
7107,3629,0.2560958662020951
7107,8556,0.2966104518122252
7107,391,0.4714352402048951
7107,373,0.15118454591028954
7107,2373,0.3649217825113388
7107,397,0.3189095680587917
7107,8513,0.13964052325700135
7107,1026,0.3760586430347503
5297,1435,0.2724272565145613
5297,421,0.2721979435649251
5297,1435,0.24962872224586694
5297,1182,0.18101040603904311
5297,2739,0.3312916385623143
5297,8877,0.2671403936466846
5297,1179,0.09072183666713524
5297,7689,0.4186435029578391
5297,1431,0.025943332882457714
5297,536,0.037523795855159595
5297,1179,0.12574835497344847
5297,1179,0.12574835497344847
4212,4266,0.48480239773173694
4212,5967,0.274093484603945
4212,5067,0.034989627743805846
4212,6919,0.18443815637909472
4212,5858,0.2312854359134768
4212,6919,0.22777419734915255
4212,5858,0.2312854359134768
4212,8460,0.25648527900556456
176,176,0.0
176,6992,0.4058417063619069
176,8433,0.07454293867027022
176,176,0.09137349277164014
176,176,0.09960873319267052
176,7942,0.4664036857552679
176,3395,0.33617105188378027
176,176,0.07334955768134324
176,176,0.07334955768134324
176,176,0.06905973763706931
176,176,0.039495607774157
176,4569,0.3542274803177441
176,560,0.4503955490394559
176,770,0.4891582963777728
176,500,0.3467294468848231
176,8433,0.07454293867027022
176,6992,0.4058417063619069
176,8433,0.07454293867027022
176,176,0.09137349277164014
176,176,0.09960873319267052
176,7942,0.4664036857552679
176,3395,0.33617105188378027
176,176,0.07334955768134324
176,176,0.07334955768134324
176,176,0.06905973763706931
176,176,0.039495607774157
176,4569,0.3542274803177441
176,560,0.4503955490394559
176,770,0.4891582963777728
176,500,0.3467294468848231
176,8433,0.07454293867027022
507,285,0.3001402689267764
507,8115,0.4746400203323921
507,8513,0.4416730996244669
507,1026,0.24465858055464046
4171,497,0.08780062777480722
4171,285,0.45486210773553987
4171,4249,0.3589412321483796
4171,5905,0.10778860543721976
4171,232,0.33488701827185696
4171,6911,0.45241431024317996
4171,8472,0.19581388879190337
4171,4928,0.4347408030906269
8550,531,0.3423350340098573
8550,2208,0.4953236010619787
8550,7669,0.1646352809329695
8550,8115,0.4970162690364399
8550,7687,0.3948610897321725
8550,4331,0.17240765505015188
531,1829,0.471727749824309
531,7669,0.23556745493860656
531,8556,0.48696932711818847
531,1178,0.37967805396894627
531,7687,0.05926636493406501
531,8864,0.48887000392817676
531,534,0.34081498431736523
531,397,0.4842965501112712
6809,8742,0.13502016279255954
6809,7942,0.24176331856015587
6809,560,0.2115660396909245
6809,560,0.2115660396909245
6809,3395,0.32030369882692633
6809,8382,0.13896248519251816
6809,6809,0.0
6809,560,0.2566875244346769
6809,6809,0.04851128022326263
401,373,0.4685117747755789
401,373,0.43847943872518075
401,3691,0.23407844957999305
401,2373,0.45572572708999404
401,2373,0.45572572708999404
401,401,0.055804869198401955
401,2373,0.45572572708999404
401,1877,0.24572565556833642
401,385,0.2439077900957228
401,391,0.22409885044769762
401,2373,0.37025368078944454
497,4249,0.42627427038849847
497,5905,0.08703162936685335
497,232,0.28623285261178844
497,6911,0.3924659025006127
497,8472,0.24941229641955526
497,4928,0.3505262047746093
4456,1178,0.47172275119191764
4456,8864,0.4452582276448403
373,373,0.03031734157639228
373,3691,0.25607523092405376
373,2373,0.22860951880519118
373,1829,0.38809972372762647
373,2373,0.22860951880519118
373,2373,0.22860951880519118
373,1877,0.3951145005940396
373,3629,0.2168654497580039
373,8556,0.30541337947727254
373,391,0.3178046492784629
373,373,0.0793043927000242
373,2373,0.22948533819599698
373,397,0.32250209589347417
373,8513,0.291462807546505
373,3691,0.22869253432233683
373,2373,0.2175337184805972
373,1829,0.4166603607341593
373,2373,0.2175337184805972
373,401,0.4872874377770744
373,2373,0.2175337184805972
373,1877,0.37212591762225933
373,3629,0.22418050302743542
373,8556,0.3135731602858511
373,391,0.2889849634018488
373,373,0.09551628828894401
373,2373,0.20853253968013707
373,397,0.329186910846547
373,8513,0.32171938657756816
4266,3041,0.29677835773024164
4266,8128,0.12365945001399599
4266,2550,0.37915861016192987
4266,6983,0.2970748989127974
4266,2136,0.3558282009065206
4266,8460,0.3775658719855385
4266,2626,0.3191995076887926
285,2373,0.44956199217844806
285,2373,0.44956199217844806
285,2373,0.44956199217844806
285,3629,0.33643881468584336
285,373,0.44613243504549116
285,8513,0.41694950246307194
285,1026,0.3827167014838107
6992,8433,0.3800194635674656
6992,176,0.4669990525892399
6992,2208,0.30770414609272184
6992,176,0.4589825602268605
6992,176,0.4589825602268605
6992,8115,0.2822455196196577
6992,176,0.361954312364309
6992,176,0.3901974945832105
6992,4569,0.14050788106896536
6992,500,0.16029416382491715
6992,8433,0.3800194635674656
6992,1721,0.4742509746769252
2039,1517,0.2482872204602146
2039,1517,0.2482872204602146
2039,1517,0.2482872204602146
2039,2002,0.32047454361426403
1517,1517,0.0
1517,1517,0.0
1517,1974,0.3855418089828524
1517,2002,0.1383964575276796
1517,1974,0.3855418089828524
1517,1974,0.3855418089828524
1517,1517,0.0
1517,1974,0.3855418089828524
1517,2002,0.1383964575276796
1517,1974,0.3855418089828524
1517,1974,0.3855418089828524
1517,1974,0.3855418089828524
1517,2002,0.1383964575276796
1517,1974,0.3855418089828524
1517,1974,0.3855418089828524
3691,2373,0.3400140093565106
3691,2373,0.3400140093565106
3691,401,0.2738558814690788
3691,2373,0.3400140093565106
3691,1877,0.16283812737714654
3691,3629,0.4180367305235831
3691,8556,0.3590657446171609
3691,385,0.3997955643452914
3691,391,0.20973690568697037
3691,373,0.3189919735906303
3691,2373,0.2703178561709887
3691,397,0.3608221491362439
8742,176,0.4669652132827055
8742,7942,0.10844318855811248
8742,560,0.22453490863767905
8742,560,0.22453490863767905
8742,3395,0.21603723577962544
8742,8382,0.26328135126934266
8742,6809,0.13502016279255954
8742,560,0.24602816599944957
8742,6809,0.11387180921462157
8433,176,0.1650028401423672
8433,176,0.141556704031449
8433,3395,0.4103412043437081
8433,176,0.08298072176142986
8433,176,0.08298072176142986
8433,176,0.023156126787095523
8433,176,0.03505239247540454
8433,4569,0.3549974962889985
8433,500,0.3516102625795988
8433,8433,0.0
805,4798,0.21957400366083993
805,83,0.3243290023794456
805,3738,0.38905777800437713
805,1529,0.48643086369047484
805,80,0.30989856178725067
805,4819,0.1852729182107747
805,3325,0.3534170046967902
805,6911,0.4443750957300993
805,6753,0.47691294864812483
805,4928,0.37910285847490277
805,4000,0.1776786121416407
176,176,0.09579301688087913
176,7942,0.3873460157682415
176,560,0.41054471451393393
176,560,0.41054471451393393
176,3395,0.2511501878249341
176,176,0.1263969977482042
176,176,0.1263969977482042
176,176,0.1602214426241695
176,176,0.1303177408158949
176,4569,0.39157739702393746
176,560,0.35972279037126476
176,770,0.43291813691055087
176,500,0.3800117602378652
176,1252,0.4842081008009954
176,8433,0.1650028401423672
176,7942,0.47209072406313274
176,560,0.452920969680902
176,560,0.452920969680902
176,3395,0.3309505522956575
176,176,0.06361568390027823
176,176,0.06361568390027823
176,176,0.15087275328848984
176,176,0.1182361431902193
176,4569,0.4520080394622471
176,560,0.39954689236434976
176,770,0.3924397159312014
176,500,0.4435151026223367
176,1252,0.45520881025938614
176,8433,0.141556704031449
4798,83,0.32892073717285947
4798,80,0.21881943291910325
4798,4819,0.09681241126348167
4798,3325,0.14924616452726552
4798,4928,0.456213665310693
4798,4000,0.1250097485573435
2373,4249,0.3740743667480699
2373,2373,0.0
2373,2373,0.0
2373,3629,0.13485149916808142
2373,385,0.4246933929899526
2373,391,0.2358116167354835
2373,5575,0.4148659366182767
2373,373,0.18578371325931842
2373,2373,0.08548853197061151
2373,8513,0.43058200517003814
1974,2002,0.4803569500254985
1974,1974,0.0
1974,1974,0.0
2208,8115,0.37117414854714403
2208,4569,0.31138326460360277
2208,500,0.32093214430193634
2208,4331,0.4196512063736902
2208,1721,0.21785739813488636
1435,421,0.010989374709229945
1435,1435,0.023619320983668153
1435,6653,0.40359186918949197
1435,1182,0.174612031842955
1435,2739,0.1057653542415982
1435,8877,0.32840346575712687
1435,1179,0.2745259067248908
1435,7689,0.48529721983699964
1435,1431,0.2899591681161352
1435,536,0.24595672416911632
1435,1179,0.3101979532274434
1435,1179,0.3101979532274434
421,1435,0.022984206448124298
421,6653,0.3928519232128208
421,1182,0.16727784210076496
421,6653,0.4945478356421533
421,2739,0.09613689812725965
421,8877,0.33682683604162567
421,1179,0.27070203004005744
421,7689,0.4756420388761588
421,1431,0.2904638056278006
421,536,0.24462346363798948
421,1179,0.305511819388384
421,1179,0.305511819388384
83,1529,0.3353400777922768
83,80,0.14643367711486102
83,4819,0.23528782375237908
83,3325,0.328931919934082
83,6753,0.18375641435406131
83,4000,0.4109545523150282
2002,1974,0.4803569500254985
2002,1974,0.4803569500254985
2002,3306,0.4437890358902541
4249,2373,0.3740743667480699
4249,5905,0.3641040709743599
4249,2373,0.3740743667480699
4249,3629,0.4376070963943868
4249,3041,0.4343957708878097
4249,232,0.4732124023409984
4249,385,0.47280418918961875
4249,391,0.4647275667218228
4249,5575,0.22335132075992933
4249,8472,0.1824793172919388
4249,2373,0.4022669363365825
1829,7669,0.4248623723833983
1829,3629,0.477027378382621
1829,8556,0.33762573637733867
1829,8115,0.4909977752985171
1829,373,0.39185215939700696
1829,397,0.357384883985112
1829,8513,0.1707005555324472
1829,1026,0.29247678275981553
7942,560,0.26508646185673046
7942,560,0.26508646185673046
7942,3395,0.14346915527475107
7942,8382,0.37164090416823414
7942,6809,0.24176331856015587
7942,560,0.26457355234176716
7942,6809,0.2126571475803303
5967,5067,0.29353305063795426
5967,6919,0.39981067013306704
5967,5858,0.4944044842801693
5967,6919,0.4787344528855494
5967,5858,0.4944044842801693
5967,2626,0.4394032660962963
2373,2373,0.0
2373,3629,0.13485149916808142
2373,385,0.4246933929899526
2373,391,0.2358116167354835
2373,5575,0.4148659366182767
2373,373,0.18578371325931842
2373,2373,0.08548853197061151
2373,8513,0.43058200517003814
560,560,0.0
560,3395,0.23177577830698473
560,8382,0.32486943168199567
560,6809,0.2115660396909245
560,560,0.05373878926901833
560,6809,0.1679165558341417
560,770,0.3656112757559446
560,1252,0.3386355059391937
560,3395,0.23177577830698473
560,8382,0.32486943168199567
560,6809,0.2115660396909245
560,560,0.05373878926901833
560,6809,0.1679165558341417
560,770,0.3656112757559446
560,1252,0.3386355059391937
401,1877,0.2531866527747868
401,385,0.2727301297614416
401,391,0.27971345047565327
401,2373,0.4260155474110397
401,1431,0.49524899626537977
401,1179,0.4831644690726343
401,1179,0.4831644690726343
7669,8115,0.4668299324120764
7669,7687,0.294699722674186
7669,4331,0.33532876058621874
1435,6653,0.40231573208514293
1435,1182,0.15381195517240923
1435,2739,0.11249720187703104
1435,8877,0.3196290724239595
1435,1179,0.25098997789497307
1435,7689,0.468877477264095
1435,1431,0.2676490871671612
1435,536,0.2226307354998346
1435,1179,0.28691630437256727
1435,1179,0.28691630437256727
5905,232,0.22717510746358638
5905,6911,0.3463204778231413
5905,8472,0.1818392634820348
5905,4928,0.3545141756218193
2373,3629,0.13485149916808142
2373,385,0.4246933929899526
2373,391,0.2358116167354835
2373,5575,0.4148659366182767
2373,373,0.18578371325931842
2373,2373,0.08548853197061151
2373,8513,0.43058200517003814
1877,8556,0.3772266796751432
1877,385,0.4762010138662462
1877,391,0.3439744683644441
1877,373,0.46700583812414215
1877,3717,0.434454937305563
1877,2373,0.4310198349625309
1877,397,0.36897380224855975
3395,8382,0.4592465987297601
3395,176,0.37630232429058746
3395,176,0.37630232429058746
3395,6809,0.32030369882692633
3395,176,0.4000913351110349
3395,176,0.3754057928291697
3395,4569,0.48454516398422653
3395,560,0.2022594657946322
3395,6809,0.2764790032799825
3395,770,0.4679652396287576
3395,500,0.4660026599314019
3395,1252,0.47963838556813404
3395,8433,0.4103412043437081
8382,6809,0.13896248519251816
8382,560,0.3760853936300157
8382,6809,0.1847621504021312
3629,391,0.36189401896665474
3629,373,0.14090583002850335
3629,2373,0.21198848103953516
3629,8513,0.3187096717677902
3629,1026,0.4774466926118795
176,176,0.0
176,176,0.09744254146833797
176,176,0.06966273335147155
176,4569,0.42080967801251873
176,560,0.46048793643357105
176,770,0.44773370145114805
176,500,0.4147572760001648
176,8433,0.08298072176142986
176,176,0.09744254146833797
176,176,0.06966273335147155
176,4569,0.42080967801251873
176,560,0.46048793643357105
176,770,0.44773370145114805
176,500,0.4147572760001648
176,8433,0.08298072176142986
1974,1974,0.0
6653,1182,0.3470585029892942
6653,6653,0.1308771140565491
6653,2739,0.3028532998109126
6653,680,0.39331331237767103
6653,1179,0.44960587186802653
6653,7689,0.3155238900663622
6653,536,0.48643574815431984
6653,1179,0.4451058812951571
6653,1179,0.4451058812951571
6653,677,0.48681422160073556
1182,6653,0.47244499710955734
1182,2739,0.17768602304975495
1182,8877,0.3790050140098903
1182,680,0.4410364225005259
1182,1179,0.12972054909596775
1182,7689,0.32456259359276174
1182,1431,0.2065860470082362
1182,536,0.14355696083116332
1182,1179,0.152153264167978
1182,1179,0.152153264167978
8556,1178,0.4826104578369321
8556,7687,0.4793444489418834
8556,8864,0.4582248454300152
8556,534,0.43612035516418113
8556,373,0.37225843630661637
8556,397,0.02284350524983901
8556,8513,0.3874701544132684
6653,2739,0.39935990512944775
6653,680,0.4830526993537802
6653,7689,0.42537702336813304
6653,677,0.4278066899959384
3041,232,0.46532380078885616
3041,8128,0.2463085108460932
3041,6617,0.4218788910889375
3041,5575,0.367228849164137
3041,2550,0.47427607441241326
3041,6983,0.29352420590160905
3041,2136,0.41356577143570944
3041,8472,0.4632434383165964
232,3738,0.3314041487284796
232,6911,0.12704749212014288
232,2550,0.42041133789060275
232,6983,0.3348236224301524
232,2136,0.3665194019448987
232,8472,0.3189943575943016
232,4928,0.25101083134049446
8115,4569,0.4146938794109457
8115,500,0.43482489062428087
8115,1026,0.37444873041403354
2739,8877,0.43204261976787306
2739,1179,0.30418192138422134
2739,7689,0.43433784232660577
2739,1431,0.35341351778936514
2739,536,0.29784501583581663
2739,1179,0.3297984398185772
2739,1179,0.3297984398185772
6809,560,0.2566875244346769
6809,6809,0.04851128022326263
542,542,0.05424447462608073
542,4685,0.09196263197152332
542,545,0.25983255370458613
176,176,0.033525766246432685
176,4569,0.3327905113227462
176,500,0.3290597898444177
176,8433,0.023156126787095523
176,4569,0.352245113623182
176,560,0.48814861449013935
176,500,0.3469044345336129
176,8433,0.03505239247540454
4569,500,0.020175490735044984
4569,8433,0.3549974962889985
4569,1721,0.4151973345363571
560,6809,0.2103839524681046
560,770,0.33346991921096614
560,1252,0.31714995374013905
542,4685,0.05704316091986799
542,545,0.22572775439535187
8877,1179,0.3523137362099846
8877,1431,0.2533729335093548
8877,536,0.28626728283342584
8877,1179,0.3916294194543772
8877,1179,0.3916294194543772
4685,545,0.17044395360680395
8128,6617,0.4804793676644235
8128,2550,0.48333734046880944
8128,6983,0.36474635064479993
8128,2136,0.44872621408969016
8128,2626,0.2888946741866406
8128,677,0.45080210995221226
3738,6911,0.21524990939903185
3738,2550,0.1486864616113358
3738,6983,0.2494320343462316
3738,2136,0.15312842804162072
3738,8460,0.40294474616384296
3738,4928,0.3721905741826658
3738,4000,0.4996156732941491
680,385,0.45445622350043546
680,1179,0.43230205170752806
680,6617,0.20227946457636087
680,7689,0.11764705937676312
680,536,0.49812411600000917
680,1179,0.3949684824270706
680,1179,0.3949684824270706
3306,770,0.41563176530965157
3306,1252,0.45518921620532055
1529,80,0.47882841806982257
1529,6753,0.23661529846340965
80,4819,0.14756256737266168
80,3325,0.18380324888015817
80,6753,0.31970510056594514
80,4000,0.32825141597995633
385,6617,0.296150667755894
385,391,0.23137888547585903
385,5575,0.28663755936647556
385,7689,0.49380112324979086
385,2373,0.35407508988457137
1179,7689,0.3283155050026984
1179,1431,0.11350118525481669
1179,536,0.06621645307234046
1179,1179,0.04301468947987991
1179,1179,0.04301468947987991
6617,5575,0.3221569663713985
6617,7689,0.29465602591024426
6617,1179,0.4892461462058996
6617,1179,0.4892461462058996
770,1252,0.08054819799349998
500,8433,0.3516102625795988
500,1721,0.4141847831311275
1178,7687,0.32215007965874765
1178,8864,0.13394127561289826
1178,534,0.05312476889079319
1178,397,0.4642849396687563
4819,3325,0.17689131328918697
4819,6753,0.41807390832571006
4819,4000,0.18332249777492288
3325,4000,0.2700713851611268
6911,2550,0.328541181684624
6911,6983,0.2992280248494917
6911,2136,0.2882713619766745
6911,8472,0.4450189591938901
6911,4928,0.21546785448565384
6911,4000,0.47818660373395855
391,5575,0.3779171196398613
391,373,0.3358263684012955
391,2373,0.15118930820165458
5067,6919,0.14945141241463414
5067,5858,0.20370577528316927
5067,6919,0.19637136115279138
5067,5858,0.20370577528316927
5067,8460,0.2623923966019836
6919,5858,0.13561696129456116
6919,6919,0.09817428616664624
6919,5858,0.13561696129456116
6919,8460,0.3325543379148191
5858,6919,0.04441847369642911
5858,2550,0.4844740032248173
5858,5858,0.0
5858,8460,0.247269847351934
6919,5858,0.04441847369642911
6919,8460,0.2846687857685373
5575,8472,0.38725251090092677
5575,2373,0.3951015086744823
2550,6983,0.1870351787053969
2550,5858,0.4844740032248173
2550,2136,0.06917413259015011
2550,8460,0.2713274437254891
7687,8864,0.4349876951067567
7687,534,0.28525690950035787
7687,397,0.4739343071317987
6983,2136,0.12150929825491089
6983,8460,0.3973102964337197
5858,8460,0.247269847351934
7689,1431,0.4396337642091196
7689,536,0.39262642318528035
7689,1179,0.2949543679157557
7689,1179,0.2949543679157557
2136,8460,0.323203174783061
2136,4928,0.4879399923719261
4331,1721,0.4926824111268615
8864,534,0.1515733859483597
8864,3717,0.37630775863913235
8864,397,0.4367919650492104
534,397,0.41862787606342905
373,2373,0.2156325952119727
373,397,0.39103152148434306
373,8513,0.26467087998639205
373,1026,0.4771797819554833
2373,8513,0.47785765991646745
397,8513,0.4102318450678489
1431,536,0.06334608221894515
1431,1179,0.14505487555410973
1431,1179,0.14505487555410973
536,1179,0.10738172089128388
536,1179,0.10738172089128388
8513,1026,0.2381088853548523
2626,677,0.19341393237615254
1179,1179,0.0
4928,4000,0.33128870976793706
