,nearby_id_1,nearby_id_2,nearby_id_3,nearby_id_4,nearby_id_5,nearby_id_6,nearby_id_7,nearby_id_8,nearby_id_9,nearby_id_10,nearby_id_11,nearby_id_12,nearby_id_13,nearby_id_14,nearby_id_15,nearby_id_16,nearby_id_17,nearby_id_18,nearby_id_19,nearby_id_20,nearby_id_21,nearby_id_22,nearby_id_23,nearby_id_24,nearby_id_25,nearby_id_26,nearby_id_27,nearby_id_28
0,2.0,22.0,162.0,407.0,782.0,1078.0,1159.0,,,,,,,,,,,,,,,,,,,,,
1,1.0,,,,,,,,,,,,,,,,,,,,,,,,,,,
2,81.0,83.0,165.0,272.0,325.0,372.0,470.0,498.0,556.0,600.0,769.0,786.0,1016.0,1101.0,1105.0,1106.0,1107.0,1116.0,1120.0,1149.0,1157.0,,,,,,,
3,15.0,80.0,102.0,136.0,211.0,219.0,419.0,547.0,548.0,592.0,,,,,,,,,,,,,,,,,,
4,22.0,162.0,407.0,782.0,1078.0,1159.0,,,,,,,,,,,,,,,,,,,,,,
5,17.0,197.0,294.0,464.0,952.0,1001.0,,,,,,,,,,,,,,,,,,,,,,
6,,,,,,,,,,,,,,,,,,,,,,,,,,,,
7,13.0,14.0,70.0,140.0,318.0,497.0,650.0,684.0,759.0,1081.0,,,,,,,,,,,,,,,,,,
8,31.0,110.0,112.0,237.0,241.0,348.0,655.0,875.0,943.0,,,,,,,,,,,,,,,,,,,
9,198.0,210.0,951.0,973.0,1068.0,,,,,,,,,,,,,,,,,,,,,,,
10,21.0,26.0,51.0,55.0,62.0,89.0,311.0,336.0,351.0,376.0,408.0,409.0,522.0,530.0,553.0,572.0,574.0,588.0,594.0,610.0,611.0,691.0,722.0,805.0,1063.0,,,
11,27.0,30.0,46.0,181.0,206.0,214.0,231.0,263.0,680.0,682.0,,,,,,,,,,,,,,,,,,
12,8.0,14.0,70.0,140.0,318.0,684.0,759.0,1081.0,1123.0,1124.0,,,,,,,,,,,,,,,,,,
13,8.0,13.0,70.0,140.0,318.0,497.0,650.0,684.0,759.0,1081.0,,,,,,,,,,,,,,,,,,
14,4.0,80.0,102.0,136.0,211.0,219.0,419.0,547.0,548.0,592.0,,,,,,,,,,,,,,,,,,
15,187.0,221.0,248.0,329.0,365.0,424.0,430.0,885.0,,,,,,,,,,,,,,,,,,,,
16,6.0,197.0,294.0,464.0,952.0,1001.0,,,,,,,,,,,,,,,,,,,,,,
17,131.0,320.0,385.0,386.0,387.0,612.0,828.0,846.0,965.0,1004.0,,,,,,,,,,,,,,,,,,
18,44.0,100.0,640.0,1091.0,,,,,,,,,,,,,,,,,,,,,,,,
19,184.0,295.0,296.0,316.0,427.0,817.0,831.0,841.0,868.0,987.0,,,,,,,,,,,,,,,,,,
20,11.0,26.0,51.0,55.0,62.0,89.0,311.0,336.0,351.0,376.0,408.0,409.0,522.0,530.0,553.0,572.0,574.0,588.0,594.0,610.0,611.0,691.0,722.0,805.0,1063.0,,,
21,1.0,5.0,162.0,407.0,782.0,1078.0,1159.0,,,,,,,,,,,,,,,,,,,,,
22,565.0,566.0,567.0,,,,,,,,,,,,,,,,,,,,,,,,,
23,91.0,114.0,170.0,260.0,441.0,686.0,697.0,721.0,733.0,761.0,1111.0,,,,,,,,,,,,,,,,,
24,42.0,43.0,63.0,265.0,396.0,412.0,460.0,481.0,504.0,506.0,532.0,543.0,570.0,608.0,636.0,,,,,,,,,,,,,
25,11.0,21.0,51.0,55.0,62.0,89.0,103.0,311.0,351.0,376.0,408.0,409.0,522.0,530.0,553.0,559.0,569.0,572.0,574.0,588.0,594.0,610.0,611.0,691.0,722.0,754.0,805.0,1063.0
26,12.0,30.0,46.0,122.0,181.0,206.0,214.0,231.0,263.0,661.0,680.0,682.0,848.0,1041.0,,,,,,,,,,,,,,
27,102.0,141.0,175.0,547.0,1113.0,,,,,,,,,,,,,,,,,,,,,,,
28,103.0,135.0,267.0,299.0,300.0,310.0,467.0,521.0,559.0,569.0,754.0,795.0,1125.0,,,,,,,,,,,,,,,
29,12.0,27.0,46.0,181.0,206.0,214.0,231.0,263.0,680.0,682.0,,,,,,,,,,,,,,,,,,
30,9.0,237.0,240.0,241.0,348.0,385.0,386.0,387.0,655.0,828.0,846.0,882.0,943.0,950.0,,,,,,,,,,,,,,
31,47.0,74.0,150.0,203.0,204.0,404.0,440.0,717.0,745.0,816.0,920.0,921.0,940.0,941.0,,,,,,,,,,,,,,
32,66.0,75.0,90.0,117.0,124.0,992.0,1056.0,,,,,,,,,,,,,,,,,,,,,
33,108.0,155.0,157.0,,,,,,,,,,,,,,,,,,,,,,,,,
34,36.0,138.0,225.0,418.0,1144.0,,,,,,,,,,,,,,,,,,,,,,,
35,35.0,138.0,225.0,418.0,1144.0,,,,,,,,,,,,,,,,,,,,,,,
36,767.0,777.0,895.0,,,,,,,,,,,,,,,,,,,,,,,,,
37,49.0,706.0,719.0,899.0,913.0,925.0,926.0,,,,,,,,,,,,,,,,,,,,,
38,,,,,,,,,,,,,,,,,,,,,,,,,,,,
39,1008.0,1126.0,,,,,,,,,,,,,,,,,,,,,,,,,,
40,,,,,,,,,,,,,,,,,,,,,,,,,,,,
41,25.0,43.0,63.0,265.0,396.0,412.0,460.0,481.0,504.0,506.0,532.0,543.0,570.0,608.0,636.0,,,,,,,,,,,,,
42,25.0,42.0,63.0,265.0,396.0,412.0,460.0,481.0,504.0,506.0,532.0,543.0,570.0,608.0,636.0,,,,,,,,,,,,,
43,19.0,100.0,640.0,1091.0,,,,,,,,,,,,,,,,,,,,,,,,
44,58.0,59.0,134.0,201.0,414.0,515.0,914.0,947.0,1074.0,,,,,,,,,,,,,,,,,,,
45,12.0,27.0,30.0,122.0,181.0,206.0,214.0,231.0,263.0,661.0,680.0,682.0,848.0,1041.0,,,,,,,,,,,,,,
46,32.0,74.0,150.0,203.0,204.0,404.0,440.0,717.0,745.0,816.0,920.0,921.0,940.0,941.0,,,,,,,,,,,,,,
47,177.0,931.0,,,,,,,,,,,,,,,,,,,,,,,,,,
48,38.0,706.0,719.0,899.0,913.0,925.0,926.0,,,,,,,,,,,,,,,,,,,,,
49,104.0,159.0,315.0,346.0,402.0,493.0,1076.0,,,,,,,,,,,,,,,,,,,,,
50,11.0,21.0,26.0,55.0,62.0,89.0,311.0,336.0,351.0,376.0,408.0,409.0,522.0,530.0,553.0,572.0,574.0,588.0,594.0,610.0,611.0,691.0,722.0,805.0,1063.0,,,
51,360.0,,,,,,,,,,,,,,,,,,,,,,,,,,,
52,645.0,659.0,672.0,677.0,,,,,,,,,,,,,,,,,,,,,,,,
53,378.0,,,,,,,,,,,,,,,,,,,,,,,,,,,
54,11.0,21.0,26.0,51.0,62.0,89.0,311.0,336.0,351.0,376.0,408.0,409.0,522.0,530.0,553.0,572.0,574.0,588.0,594.0,610.0,611.0,691.0,722.0,805.0,1063.0,,,
55,171.0,256.0,266.0,596.0,620.0,674.0,,,,,,,,,,,,,,,,,,,,,,
56,185.0,190.0,727.0,,,,,,,,,,,,,,,,,,,,,,,,,
57,45.0,59.0,134.0,201.0,414.0,515.0,914.0,947.0,1074.0,,,,,,,,,,,,,,,,,,,
58,45.0,58.0,134.0,201.0,414.0,515.0,914.0,947.0,1074.0,,,,,,,,,,,,,,,,,,,
59,274.0,542.0,766.0,900.0,,,,,,,,,,,,,,,,,,,,,,,,
60,96.0,254.0,255.0,800.0,930.0,936.0,974.0,1003.0,1100.0,,,,,,,,,,,,,,,,,,,
61,11.0,21.0,26.0,51.0,55.0,89.0,103.0,311.0,351.0,376.0,408.0,409.0,522.0,530.0,553.0,559.0,569.0,572.0,574.0,588.0,594.0,610.0,611.0,691.0,722.0,754.0,805.0,1063.0
62,25.0,42.0,43.0,265.0,396.0,412.0,460.0,481.0,504.0,506.0,532.0,543.0,570.0,608.0,636.0,,,,,,,,,,,,,
63,352.0,,,,,,,,,,,,,,,,,,,,,,,,,,,
64,92.0,171.0,256.0,334.0,573.0,1005.0,,,,,,,,,,,,,,,,,,,,,,
65,33.0,75.0,90.0,117.0,124.0,992.0,1056.0,,,,,,,,,,,,,,,,,,,,,
66,127.0,137.0,335.0,368.0,803.0,,,,,,,,,,,,,,,,,,,,,,,
67,457.0,471.0,984.0,985.0,,,,,,,,,,,,,,,,,,,,,,,,
68,207.0,286.0,624.0,902.0,,,,,,,,,,,,,,,,,,,,,,,,
69,8.0,13.0,14.0,140.0,318.0,497.0,650.0,684.0,759.0,1081.0,,,,,,,,,,,,,,,,,,
70,143.0,362.0,673.0,690.0,838.0,847.0,955.0,1048.0,,,,,,,,,,,,,,,,,,,,
71,227.0,358.0,587.0,670.0,883.0,,,,,,,,,,,,,,,,,,,,,,,
72,,,,,,,,,,,,,,,,,,,,,,,,,,,,
73,32.0,47.0,150.0,203.0,204.0,404.0,440.0,717.0,745.0,816.0,920.0,921.0,940.0,941.0,,,,,,,,,,,,,,
74,33.0,66.0,90.0,117.0,124.0,992.0,1056.0,,,,,,,,,,,,,,,,,,,,,
75,720.0,768.0,774.0,,,,,,,,,,,,,,,,,,,,,,,,,
76,228.0,257.0,319.0,442.0,453.0,996.0,1042.0,1077.0,,,,,,,,,,,,,,,,,,,,
77,84.0,118.0,152.0,161.0,490.0,,,,,,,,,,,,,,,,,,,,,,,
78,85.0,,,,,,,,,,,,,,,,,,,,,,,,,,,
79,4.0,15.0,102.0,136.0,211.0,219.0,419.0,547.0,548.0,592.0,,,,,,,,,,,,,,,,,,
80,3.0,83.0,165.0,272.0,325.0,372.0,470.0,498.0,556.0,600.0,769.0,786.0,1016.0,1101.0,1105.0,1106.0,1107.0,1116.0,1120.0,1149.0,1157.0,,,,,,,
81,200.0,512.0,514.0,580.0,584.0,589.0,591.0,599.0,602.0,864.0,1138.0,,,,,,,,,,,,,,,,,
82,3.0,81.0,165.0,272.0,325.0,372.0,470.0,498.0,556.0,600.0,769.0,786.0,1016.0,1101.0,1105.0,1106.0,1107.0,1116.0,1120.0,1149.0,1157.0,,,,,,,
83,78.0,118.0,152.0,161.0,490.0,,,,,,,,,,,,,,,,,,,,,,,
84,79.0,,,,,,,,,,,,,,,,,,,,,,,,,,,
85,,,,,,,,,,,,,,,,,,,,,,,,,,,,
86,111.0,723.0,764.0,1084.0,,,,,,,,,,,,,,,,,,,,,,,,
87,125.0,,,,,,,,,,,,,,,,,,,,,,,,,,,
88,11.0,21.0,26.0,51.0,55.0,62.0,103.0,311.0,351.0,376.0,408.0,409.0,522.0,530.0,553.0,559.0,569.0,572.0,574.0,588.0,594.0,610.0,611.0,691.0,722.0,754.0,805.0,1063.0
89,33.0,66.0,75.0,117.0,124.0,992.0,1056.0,,,,,,,,,,,,,,,,,,,,,
90,24.0,114.0,170.0,260.0,441.0,686.0,697.0,721.0,733.0,761.0,1111.0,,,,,,,,,,,,,,,,,
91,65.0,171.0,256.0,334.0,573.0,1005.0,,,,,,,,,,,,,,,,,,,,,,
92,742.0,1033.0,,,,,,,,,,,,,,,,,,,,,,,,,,
93,95.0,460.0,532.0,543.0,570.0,608.0,869.0,,,,,,,,,,,,,,,,,,,,,
94,94.0,460.0,532.0,543.0,570.0,608.0,869.0,,,,,,,,,,,,,,,,,,,,,
95,61.0,254.0,255.0,449.0,607.0,618.0,621.0,800.0,936.0,974.0,1003.0,1092.0,1093.0,1100.0,,,,,,,,,,,,,,
96,642.0,671.0,725.0,933.0,,,,,,,,,,,,,,,,,,,,,,,,
97,344.0,,,,,,,,,,,,,,,,,,,,,,,,,,,
98,,,,,,,,,,,,,,,,,,,,,,,,,,,,
99,19.0,44.0,640.0,1091.0,,,,,,,,,,,,,,,,,,,,,,,,
100,538.0,595.0,597.0,,,,,,,,,,,,,,,,,,,,,,,,,
101,4.0,15.0,28.0,80.0,136.0,141.0,175.0,211.0,219.0,419.0,547.0,548.0,592.0,,,,,,,,,,,,,,,
102,26.0,29.0,62.0,89.0,135.0,267.0,299.0,300.0,310.0,311.0,349.0,408.0,409.0,467.0,521.0,522.0,553.0,559.0,569.0,572.0,588.0,691.0,722.0,754.0,795.0,927.0,1063.0,1125.0
103,50.0,159.0,315.0,346.0,402.0,493.0,1076.0,,,,,,,,,,,,,,,,,,,,,
104,113.0,239.0,970.0,,,,,,,,,,,,,,,,,,,,,,,,,
105,,,,,,,,,,,,,,,,,,,,,,,,,,,,
106,277.0,344.0,549.0,916.0,1057.0,,,,,,,,,,,,,,,,,,,,,,,
107,34.0,155.0,157.0,,,,,,,,,,,,,,,,,,,,,,,,,
108,1130.0,,,,,,,,,,,,,,,,,,,,,,,,,,,
109,9.0,112.0,655.0,875.0,,,,,,,,,,,,,,,,,,,,,,,,
110,87.0,723.0,764.0,1084.0,,,,,,,,,,,,,,,,,,,,,,,,
111,9.0,110.0,655.0,875.0,,,,,,,,,,,,,,,,,,,,,,,,
112,105.0,153.0,239.0,306.0,357.0,371.0,976.0,989.0,1083.0,,,,,,,,,,,,,,,,,,,
113,24.0,91.0,170.0,260.0,441.0,686.0,697.0,721.0,733.0,761.0,991.0,1111.0,,,,,,,,,,,,,,,,
114,168.0,169.0,,,,,,,,,,,,,,,,,,,,,,,,,,
115,,,,,,,,,,,,,,,,,,,,,,,,,,,,
116,33.0,66.0,75.0,90.0,124.0,992.0,1056.0,,,,,,,,,,,,,,,,,,,,,
117,78.0,84.0,152.0,161.0,490.0,,,,,,,,,,,,,,,,,,,,,,,
118,163.0,167.0,189.0,208.0,233.0,234.0,279.0,280.0,283.0,284.0,289.0,323.0,324.0,328.0,341.0,342.0,343.0,354.0,363.0,564.0,740.0,1013.0,,,,,,
119,244.0,657.0,760.0,829.0,854.0,,,,,,,,,,,,,,,,,,,,,,,
120,,,,,,,,,,,,,,,,,,,,,,,,,,,,
121,27.0,46.0,181.0,206.0,213.0,214.0,224.0,231.0,263.0,321.0,350.0,661.0,666.0,680.0,682.0,729.0,848.0,1002.0,1041.0,,,,,,,,,
122,126.0,129.0,164.0,271.0,392.0,477.0,531.0,757.0,887.0,916.0,,,,,,,,,,,,,,,,,,
123,33.0,66.0,75.0,90.0,117.0,992.0,1056.0,,,,,,,,,,,,,,,,,,,,,
124,88.0,,,,,,,,,,,,,,,,,,,,,,,,,,,
125,123.0,129.0,164.0,271.0,392.0,477.0,531.0,757.0,887.0,916.0,,,,,,,,,,,,,,,,,,
126,67.0,137.0,335.0,368.0,803.0,,,,,,,,,,,,,,,,,,,,,,,
127,,,,,,,,,,,,,,,,,,,,,,,,,,,,
128,123.0,126.0,164.0,271.0,392.0,477.0,531.0,757.0,887.0,916.0,,,,,,,,,,,,,,,,,,
129,309.0,,,,,,,,,,,,,,,,,,,,,,,,,,,
130,18.0,320.0,612.0,867.0,1004.0,,,,,,,,,,,,,,,,,,,,,,,
131,149.0,229.0,265.0,315.0,346.0,375.0,395.0,396.0,402.0,412.0,460.0,462.0,463.0,481.0,493.0,496.0,503.0,507.0,532.0,543.0,608.0,635.0,,,,,,
132,238.0,253.0,333.0,476.0,488.0,603.0,614.0,630.0,791.0,,,,,,,,,,,,,,,,,,,
133,45.0,58.0,59.0,201.0,414.0,515.0,914.0,947.0,1074.0,,,,,,,,,,,,,,,,,,,
134,29.0,103.0,267.0,299.0,300.0,310.0,467.0,521.0,559.0,569.0,754.0,795.0,1125.0,,,,,,,,,,,,,,,
135,4.0,15.0,80.0,102.0,211.0,219.0,419.0,547.0,548.0,592.0,,,,,,,,,,,,,,,,,,
136,67.0,127.0,335.0,368.0,803.0,,,,,,,,,,,,,,,,,,,,,,,
137,35.0,36.0,225.0,418.0,1144.0,,,,,,,,,,,,,,,,,,,,,,,
138,695.0,724.0,,,,,,,,,,,,,,,,,,,,,,,,,,
139,8.0,13.0,14.0,70.0,318.0,497.0,650.0,684.0,759.0,1081.0,,,,,,,,,,,,,,,,,,
140,28.0,102.0,175.0,547.0,1113.0,,,,,,,,,,,,,,,,,,,,,,,
141,,,,,,,,,,,,,,,,,,,,,,,,,,,,
142,71.0,362.0,673.0,690.0,838.0,847.0,955.0,1048.0,,,,,,,,,,,,,,,,,,,,
143,1155.0,,,,,,,,,,,,,,,,,,,,,,,,,,,
144,278.0,549.0,,,,,,,,,,,,,,,,,,,,,,,,,,
145,147.0,327.0,403.0,537.0,539.0,541.0,551.0,982.0,,,,,,,,,,,,,,,,,,,,
146,146.0,327.0,403.0,537.0,539.0,541.0,551.0,982.0,,,,,,,,,,,,,,,,,,,,
147,359.0,1017.0,1048.0,,,,,,,,,,,,,,,,,,,,,,,,,
148,132.0,229.0,265.0,315.0,346.0,375.0,395.0,396.0,402.0,412.0,460.0,462.0,463.0,481.0,493.0,496.0,503.0,507.0,532.0,543.0,608.0,635.0,,,,,,
149,32.0,47.0,74.0,203.0,204.0,404.0,440.0,717.0,745.0,816.0,920.0,921.0,940.0,941.0,,,,,,,,,,,,,,
150,172.0,174.0,196.0,243.0,276.0,312.0,444.0,454.0,455.0,458.0,632.0,633.0,634.0,638.0,699.0,749.0,945.0,1095.0,,,,,,,,,,
151,78.0,84.0,118.0,161.0,490.0,,,,,,,,,,,,,,,,,,,,,,,
152,113.0,239.0,306.0,357.0,976.0,989.0,,,,,,,,,,,,,,,,,,,,,,
153,,,,,,,,,,,,,,,,,,,,,,,,,,,,
154,34.0,108.0,157.0,,,,,,,,,,,,,,,,,,,,,,,,,
155,870.0,1015.0,1075.0,,,,,,,,,,,,,,,,,,,,,,,,,
156,34.0,108.0,155.0,,,,,,,,,,,,,,,,,,,,,,,,,
157,779.0,956.0,,,,,,,,,,,,,,,,,,,,,,,,,,
158,50.0,104.0,315.0,346.0,402.0,493.0,1076.0,,,,,,,,,,,,,,,,,,,,,
159,240.0,249.0,258.0,356.0,505.0,882.0,948.0,950.0,,,,,,,,,,,,,,,,,,,,
160,78.0,84.0,118.0,152.0,490.0,,,,,,,,,,,,,,,,,,,,,,,
161,1.0,5.0,22.0,407.0,782.0,1078.0,1159.0,,,,,,,,,,,,,,,,,,,,,
162,119.0,167.0,189.0,208.0,233.0,234.0,279.0,280.0,283.0,284.0,289.0,323.0,324.0,328.0,341.0,342.0,343.0,354.0,363.0,564.0,740.0,1013.0,,,,,,
163,123.0,126.0,129.0,182.0,271.0,477.0,531.0,757.0,887.0,,,,,,,,,,,,,,,,,,,
164,3.0,81.0,83.0,251.0,272.0,325.0,372.0,470.0,498.0,500.0,556.0,600.0,769.0,786.0,995.0,1016.0,1101.0,1105.0,1106.0,1107.0,1116.0,1120.0,1148.0,1149.0,1157.0,,,
165,232.0,,,,,,,,,,,,,,,,,,,,,,,,,,,
166,119.0,163.0,189.0,208.0,233.0,234.0,279.0,280.0,283.0,284.0,289.0,323.0,324.0,328.0,341.0,342.0,343.0,354.0,363.0,564.0,740.0,1013.0,,,,,,
167,115.0,169.0,,,,,,,,,,,,,,,,,,,,,,,,,,
168,115.0,168.0,,,,,,,,,,,,,,,,,,,,,,,,,,
169,24.0,91.0,114.0,260.0,441.0,686.0,697.0,721.0,733.0,761.0,1111.0,,,,,,,,,,,,,,,,,
170,56.0,65.0,92.0,256.0,266.0,334.0,573.0,596.0,620.0,674.0,1005.0,,,,,,,,,,,,,,,,,
171,151.0,174.0,454.0,,,,,,,,,,,,,,,,,,,,,,,,,
172,235.0,236.0,252.0,292.0,364.0,,,,,,,,,,,,,,,,,,,,,,,
173,151.0,172.0,454.0,,,,,,,,,,,,,,,,,,,,,,,,,
174,28.0,102.0,141.0,547.0,1113.0,,,,,,,,,,,,,,,,,,,,,,,
175,282.0,353.0,626.0,627.0,629.0,647.0,,,,,,,,,,,,,,,,,,,,,,
176,48.0,931.0,,,,,,,,,,,,,,,,,,,,,,,,,,
177,191.0,192.0,,,,,,,,,,,,,,,,,,,,,,,,,,
178,349.0,675.0,927.0,,,,,,,,,,,,,,,,,,,,,,,,,
179,195.0,245.0,269.0,270.0,426.0,456.0,494.0,518.0,519.0,763.0,799.0,,,,,,,,,,,,,,,,,
180,12.0,27.0,30.0,46.0,122.0,206.0,214.0,231.0,263.0,661.0,680.0,682.0,848.0,1041.0,,,,,,,,,,,,,,
181,164.0,194.0,,,,,,,,,,,,,,,,,,,,,,,,,,
182,,,,,,,,,,,,,,,,,,,,,,,,,,,,
183,20.0,295.0,296.0,316.0,427.0,831.0,841.0,987.0,,,,,,,,,,,,,,,,,,,,
184,57.0,190.0,727.0,,,,,,,,,,,,,,,,,,,,,,,,,
185,347.0,437.0,558.0,730.0,860.0,,,,,,,,,,,,,,,,,,,,,,,
186,16.0,221.0,248.0,288.0,329.0,330.0,331.0,365.0,422.0,423.0,424.0,430.0,885.0,,,,,,,,,,,,,,,
187,213.0,224.0,321.0,350.0,728.0,729.0,1002.0,,,,,,,,,,,,,,,,,,,,,
188,119.0,163.0,167.0,208.0,233.0,234.0,279.0,280.0,283.0,284.0,289.0,323.0,324.0,328.0,341.0,342.0,343.0,354.0,363.0,564.0,740.0,1013.0,,,,,,
189,57.0,185.0,727.0,,,,,,,,,,,,,,,,,,,,,,,,,
190,178.0,192.0,,,,,,,,,,,,,,,,,,,,,,,,,,
191,178.0,191.0,,,,,,,,,,,,,,,,,,,,,,,,,,
192,1006.0,,,,,,,,,,,,,,,,,,,,,,,,,,,
193,182.0,,,,,,,,,,,,,,,,,,,,,,,,,,,
194,180.0,245.0,269.0,270.0,379.0,426.0,456.0,494.0,509.0,518.0,519.0,763.0,799.0,,,,,,,,,,,,,,,
195,151.0,243.0,276.0,312.0,444.0,454.0,455.0,458.0,632.0,633.0,634.0,638.0,699.0,749.0,945.0,1095.0,,,,,,,,,,,,
196,6.0,17.0,294.0,464.0,952.0,1001.0,,,,,,,,,,,,,,,,,,,,,,
197,10.0,767.0,891.0,951.0,,,,,,,,,,,,,,,,,,,,,,,,
198,434.0,1047.0,1096.0,1108.0,1137.0,,,,,,,,,,,,,,,,,,,,,,,
199,82.0,512.0,514.0,580.0,584.0,589.0,591.0,599.0,602.0,864.0,1138.0,,,,,,,,,,,,,,,,,
200,45.0,58.0,59.0,134.0,414.0,515.0,914.0,947.0,1074.0,,,,,,,,,,,,,,,,,,,
201,220.0,247.0,,,,,,,,,,,,,,,,,,,,,,,,,,
202,32.0,47.0,74.0,150.0,204.0,404.0,440.0,717.0,745.0,816.0,920.0,921.0,940.0,941.0,,,,,,,,,,,,,,
203,32.0,47.0,74.0,150.0,203.0,404.0,440.0,717.0,745.0,816.0,920.0,921.0,940.0,941.0,,,,,,,,,,,,,,
204,244.0,657.0,732.0,829.0,854.0,,,,,,,,,,,,,,,,,,,,,,,
205,12.0,27.0,30.0,46.0,122.0,181.0,214.0,231.0,263.0,661.0,680.0,682.0,848.0,1041.0,,,,,,,,,,,,,,
206,69.0,286.0,624.0,902.0,,,,,,,,,,,,,,,,,,,,,,,,
207,119.0,163.0,167.0,189.0,233.0,234.0,279.0,280.0,283.0,284.0,289.0,323.0,324.0,328.0,341.0,342.0,343.0,354.0,363.0,564.0,740.0,1013.0,,,,,,
208,698.0,1112.0,,,,,,,,,,,,,,,,,,,,,,,,,,
209,10.0,973.0,1068.0,,,,,,,,,,,,,,,,,,,,,,,,,
210,4.0,15.0,80.0,102.0,136.0,219.0,419.0,547.0,548.0,592.0,,,,,,,,,,,,,,,,,,
211,302.0,489.0,704.0,905.0,918.0,934.0,969.0,1009.0,1045.0,,,,,,,,,,,,,,,,,,,
212,122.0,188.0,224.0,728.0,,,,,,,,,,,,,,,,,,,,,,,,
213,12.0,27.0,30.0,46.0,122.0,181.0,206.0,231.0,263.0,661.0,680.0,682.0,848.0,1041.0,,,,,,,,,,,,,,
214,1012.0,,,,,,,,,,,,,,,,,,,,,,,,,,,
215,217.0,452.0,981.0,1099.0,,,,,,,,,,,,,,,,,,,,,,,,
216,216.0,452.0,981.0,1099.0,,,,,,,,,,,,,,,,,,,,,,,,
217,275.0,308.0,339.0,501.0,511.0,534.0,565.0,566.0,617.0,1154.0,,,,,,,,,,,,,,,,,,
218,4.0,15.0,80.0,102.0,136.0,211.0,419.0,547.0,548.0,592.0,,,,,,,,,,,,,,,,,,
219,202.0,247.0,,,,,,,,,,,,,,,,,,,,,,,,,,
220,16.0,187.0,248.0,288.0,329.0,330.0,331.0,365.0,422.0,423.0,424.0,430.0,885.0,,,,,,,,,,,,,,,
221,,,,,,,,,,,,,,,,,,,,,,,,,,,,
222,486.0,535.0,571.0,578.0,617.0,,,,,,,,,,,,,,,,,,,,,,,
223,122.0,188.0,213.0,728.0,,,,,,,,,,,,,,,,,,,,,,,,
224,35.0,36.0,138.0,418.0,1144.0,,,,,,,,,,,,,,,,,,,,,,,
225,896.0,,,,,,,,,,,,,,,,,,,,,,,,,,,
226,72.0,358.0,587.0,670.0,883.0,,,,,,,,,,,,,,,,,,,,,,,
227,77.0,996.0,1042.0,1077.0,,,,,,,,,,,,,,,,,,,,,,,,
228,132.0,149.0,265.0,315.0,346.0,375.0,395.0,396.0,402.0,412.0,460.0,462.0,463.0,481.0,493.0,496.0,503.0,507.0,532.0,543.0,608.0,635.0,,,,,,
229,,,,,,,,,,,,,,,,,,,,,,,,,,,,
230,12.0,27.0,30.0,46.0,122.0,181.0,206.0,214.0,263.0,661.0,680.0,682.0,848.0,1041.0,,,,,,,,,,,,,,
231,166.0,482.0,842.0,1089.0,,,,,,,,,,,,,,,,,,,,,,,,
232,119.0,163.0,167.0,189.0,208.0,234.0,279.0,280.0,283.0,284.0,289.0,323.0,324.0,328.0,341.0,342.0,343.0,354.0,363.0,564.0,740.0,1013.0,,,,,,
233,119.0,163.0,167.0,189.0,208.0,233.0,279.0,280.0,283.0,284.0,289.0,323.0,324.0,328.0,341.0,342.0,343.0,354.0,363.0,564.0,740.0,1013.0,,,,,,
234,173.0,236.0,252.0,292.0,364.0,,,,,,,,,,,,,,,,,,,,,,,
235,173.0,235.0,252.0,292.0,364.0,,,,,,,,,,,,,,,,,,,,,,,
236,9.0,31.0,241.0,348.0,655.0,,,,,,,,,,,,,,,,,,,,,,,
237,133.0,253.0,333.0,476.0,488.0,603.0,614.0,630.0,791.0,,,,,,,,,,,,,,,,,,,
238,105.0,113.0,153.0,306.0,357.0,371.0,976.0,989.0,1083.0,,,,,,,,,,,,,,,,,,,
239,31.0,160.0,249.0,348.0,385.0,386.0,387.0,828.0,846.0,882.0,950.0,,,,,,,,,,,,,,,,,
240,9.0,31.0,237.0,348.0,655.0,,,,,,,,,,,,,,,,,,,,,,,
241,960.0,1132.0,,,,,,,,,,,,,,,,,,,,,,,,,,
242,151.0,196.0,276.0,312.0,444.0,454.0,455.0,458.0,632.0,633.0,634.0,638.0,699.0,749.0,945.0,1095.0,,,,,,,,,,,,
243,120.0,205.0,657.0,732.0,829.0,854.0,,,,,,,,,,,,,,,,,,,,,,
244,180.0,195.0,269.0,270.0,426.0,456.0,494.0,518.0,519.0,763.0,799.0,,,,,,,,,,,,,,,,,
245,1112.0,,,,,,,,,,,,,,,,,,,,,,,,,,,
246,202.0,220.0,,,,,,,,,,,,,,,,,,,,,,,,,,
247,16.0,187.0,221.0,329.0,365.0,424.0,430.0,885.0,,,,,,,,,,,,,,,,,,,,
248,160.0,240.0,258.0,356.0,505.0,882.0,948.0,950.0,,,,,,,,,,,,,,,,,,,,
249,1033.0,,,,,,,,,,,,,,,,,,,,,,,,,,,
250,165.0,272.0,391.0,470.0,498.0,500.0,556.0,1016.0,1148.0,1149.0,,,,,,,,,,,,,,,,,,
251,173.0,235.0,236.0,292.0,364.0,464.0,952.0,1103.0,,,,,,,,,,,,,,,,,,,,
252,133.0,238.0,333.0,476.0,488.0,603.0,614.0,630.0,791.0,,,,,,,,,,,,,,,,,,,
253,61.0,96.0,255.0,449.0,607.0,618.0,621.0,800.0,936.0,974.0,1003.0,1092.0,1093.0,1100.0,,,,,,,,,,,,,,
254,61.0,96.0,254.0,449.0,607.0,618.0,621.0,800.0,936.0,974.0,1003.0,1092.0,1093.0,1100.0,,,,,,,,,,,,,,
255,56.0,65.0,92.0,171.0,266.0,334.0,573.0,596.0,620.0,674.0,1005.0,,,,,,,,,,,,,,,,,
256,77.0,319.0,442.0,453.0,1077.0,,,,,,,,,,,,,,,,,,,,,,,
257,160.0,249.0,356.0,505.0,515.0,948.0,,,,,,,,,,,,,,,,,,,,,,
258,895.0,964.0,1061.0,1090.0,,,,,,,,,,,,,,,,,,,,,,,,
259,24.0,91.0,114.0,170.0,441.0,686.0,697.0,721.0,733.0,761.0,991.0,1111.0,,,,,,,,,,,,,,,,
260,491.0,492.0,659.0,677.0,718.0,755.0,776.0,821.0,861.0,890.0,1135.0,,,,,,,,,,,,,,,,,
261,305.0,,,,,,,,,,,,,,,,,,,,,,,,,,,
262,12.0,27.0,30.0,46.0,122.0,181.0,206.0,214.0,231.0,661.0,680.0,682.0,848.0,1041.0,,,,,,,,,,,,,,
263,393.0,421.0,484.0,485.0,533.0,,,,,,,,,,,,,,,,,,,,,,,
264,25.0,42.0,43.0,63.0,132.0,149.0,229.0,375.0,395.0,396.0,412.0,462.0,463.0,481.0,496.0,503.0,504.0,506.0,507.0,635.0,636.0,,,,,,,
265,56.0,171.0,256.0,596.0,620.0,674.0,,,,,,,,,,,,,,,,,,,,,,
266,29.0,103.0,135.0,299.0,300.0,310.0,467.0,521.0,559.0,569.0,754.0,795.0,1125.0,,,,,,,,,,,,,,,
267,359.0,1017.0,,,,,,,,,,,,,,,,,,,,,,,,,,
268,180.0,195.0,245.0,270.0,426.0,456.0,494.0,518.0,519.0,763.0,799.0,,,,,,,,,,,,,,,,,
269,180.0,195.0,245.0,269.0,426.0,456.0,494.0,518.0,519.0,763.0,799.0,,,,,,,,,,,,,,,,,
270,123.0,126.0,129.0,164.0,392.0,477.0,531.0,757.0,887.0,916.0,,,,,,,,,,,,,,,,,,
271,3.0,81.0,83.0,165.0,251.0,325.0,372.0,470.0,498.0,500.0,556.0,600.0,769.0,786.0,995.0,1016.0,1101.0,1105.0,1106.0,1107.0,1116.0,1120.0,1148.0,1149.0,1157.0,,,
272,866.0,967.0,1038.0,,,,,,,,,,,,,,,,,,,,,,,,,
273,60.0,495.0,542.0,577.0,583.0,622.0,623.0,631.0,766.0,900.0,975.0,1065.0,1109.0,,,,,,,,,,,,,,,
274,218.0,308.0,339.0,501.0,511.0,565.0,566.0,581.0,1154.0,,,,,,,,,,,,,,,,,,,
275,151.0,196.0,243.0,312.0,444.0,454.0,455.0,458.0,632.0,633.0,634.0,638.0,699.0,749.0,945.0,1095.0,,,,,,,,,,,,
276,107.0,344.0,549.0,916.0,1057.0,,,,,,,,,,,,,,,,,,,,,,,
277,145.0,549.0,,,,,,,,,,,,,,,,,,,,,,,,,,
278,119.0,163.0,167.0,189.0,208.0,233.0,234.0,280.0,283.0,284.0,289.0,323.0,324.0,328.0,341.0,342.0,343.0,354.0,363.0,564.0,740.0,1013.0,,,,,,
279,119.0,163.0,167.0,189.0,208.0,233.0,234.0,279.0,283.0,284.0,289.0,323.0,324.0,328.0,341.0,342.0,343.0,354.0,363.0,564.0,740.0,1013.0,,,,,,
280,,,,,,,,,,,,,,,,,,,,,,,,,,,,
281,176.0,353.0,647.0,,,,,,,,,,,,,,,,,,,,,,,,,
282,119.0,163.0,167.0,189.0,208.0,233.0,234.0,279.0,280.0,284.0,289.0,323.0,324.0,328.0,341.0,342.0,343.0,354.0,363.0,564.0,740.0,1013.0,,,,,,
283,119.0,163.0,167.0,189.0,208.0,233.0,234.0,279.0,280.0,283.0,289.0,323.0,324.0,328.0,341.0,342.0,343.0,354.0,363.0,564.0,740.0,1013.0,,,,,,
284,,,,,,,,,,,,,,,,,,,,,,,,,,,,
285,69.0,207.0,624.0,902.0,,,,,,,,,,,,,,,,,,,,,,,,
286,405.0,406.0,550.0,923.0,1036.0,,,,,,,,,,,,,,,,,,,,,,,
287,187.0,221.0,329.0,330.0,331.0,365.0,382.0,422.0,423.0,424.0,430.0,1037.0,1123.0,1124.0,,,,,,,,,,,,,,
288,119.0,163.0,167.0,189.0,208.0,233.0,234.0,279.0,280.0,283.0,284.0,323.0,324.0,328.0,341.0,342.0,343.0,354.0,363.0,564.0,740.0,1013.0,,,,,,
289,291.0,,,,,,,,,,,,,,,,,,,,,,,,,,,
290,290.0,,,,,,,,,,,,,,,,,,,,,,,,,,,
291,173.0,235.0,236.0,252.0,364.0,,,,,,,,,,,,,,,,,,,,,,,
292,416.0,575.0,,,,,,,,,,,,,,,,,,,,,,,,,,
293,6.0,17.0,197.0,464.0,952.0,1001.0,,,,,,,,,,,,,,,,,,,,,,
294,20.0,184.0,296.0,316.0,427.0,831.0,841.0,987.0,,,,,,,,,,,,,,,,,,,,
295,20.0,184.0,295.0,316.0,427.0,831.0,841.0,987.0,,,,,,,,,,,,,,,,,,,,
296,370.0,381.0,808.0,1119.0,,,,,,,,,,,,,,,,,,,,,,,,
297,937.0,,,,,,,,,,,,,,,,,,,,,,,,,,,
298,29.0,103.0,135.0,267.0,300.0,310.0,467.0,521.0,559.0,569.0,754.0,795.0,1125.0,,,,,,,,,,,,,,,
299,29.0,103.0,135.0,267.0,299.0,310.0,467.0,521.0,559.0,569.0,754.0,795.0,1125.0,,,,,,,,,,,,,,,
300,,,,,,,,,,,,,,,,,,,,,,,,,,,,
301,212.0,489.0,704.0,905.0,918.0,934.0,969.0,1009.0,1045.0,,,,,,,,,,,,,,,,,,,
302,1069.0,1143.0,,,,,,,,,,,,,,,,,,,,,,,,,,
303,338.0,367.0,374.0,389.0,397.0,428.0,526.0,568.0,,,,,,,,,,,,,,,,,,,,
304,262.0,,,,,,,,,,,,,,,,,,,,,,,,,,,
305,113.0,153.0,239.0,357.0,976.0,989.0,,,,,,,,,,,,,,,,,,,,,,
306,,,,,,,,,,,,,,,,,,,,,,,,,,,,
307,218.0,275.0,339.0,501.0,511.0,534.0,565.0,566.0,617.0,1154.0,,,,,,,,,,,,,,,,,,
308,130.0,,,,,,,,,,,,,,,,,,,,,,,,,,,
309,29.0,103.0,135.0,267.0,299.0,300.0,467.0,521.0,559.0,569.0,754.0,795.0,1125.0,,,,,,,,,,,,,,,
310,11.0,21.0,26.0,51.0,55.0,62.0,89.0,103.0,351.0,376.0,408.0,409.0,522.0,530.0,553.0,559.0,569.0,572.0,574.0,588.0,594.0,610.0,611.0,691.0,722.0,754.0,805.0,1063.0
311,151.0,196.0,243.0,276.0,444.0,454.0,455.0,458.0,632.0,633.0,634.0,638.0,699.0,749.0,945.0,1095.0,,,,,,,,,,,,
312,326.0,379.0,388.0,401.0,425.0,459.0,466.0,479.0,480.0,499.0,509.0,510.0,513.0,518.0,525.0,554.0,555.0,579.0,799.0,804.0,,,,,,,,
313,,,,,,,,,,,,,,,,,,,,,,,,,,,,
314,50.0,104.0,132.0,149.0,159.0,229.0,346.0,375.0,395.0,402.0,462.0,463.0,493.0,496.0,503.0,507.0,635.0,1076.0,,,,,,,,,,
315,20.0,184.0,295.0,296.0,427.0,818.0,831.0,841.0,868.0,986.0,987.0,1018.0,1086.0,,,,,,,,,,,,,,,
316,473.0,743.0,,,,,,,,,,,,,,,,,,,,,,,,,,
317,8.0,13.0,14.0,70.0,140.0,497.0,650.0,684.0,759.0,1081.0,,,,,,,,,,,,,,,,,,
318,77.0,257.0,442.0,453.0,1077.0,,,,,,,,,,,,,,,,,,,,,,,
319,18.0,131.0,612.0,891.0,973.0,1004.0,,,,,,,,,,,,,,,,,,,,,,
320,122.0,188.0,350.0,728.0,729.0,1002.0,,,,,,,,,,,,,,,,,,,,,,
321,872.0,,,,,,,,,,,,,,,,,,,,,,,,,,,
322,119.0,163.0,167.0,189.0,208.0,233.0,234.0,279.0,280.0,283.0,284.0,289.0,324.0,328.0,341.0,342.0,343.0,354.0,363.0,564.0,740.0,1013.0,,,,,,
323,119.0,163.0,167.0,189.0,208.0,233.0,234.0,279.0,280.0,283.0,284.0,289.0,323.0,328.0,341.0,342.0,343.0,354.0,363.0,564.0,740.0,1013.0,,,,,,
324,3.0,81.0,83.0,165.0,272.0,372.0,470.0,498.0,556.0,600.0,769.0,786.0,1016.0,1101.0,1105.0,1106.0,1107.0,1116.0,1120.0,1149.0,1157.0,,,,,,,
325,313.0,379.0,388.0,401.0,425.0,459.0,466.0,479.0,480.0,499.0,509.0,510.0,513.0,518.0,525.0,554.0,555.0,579.0,799.0,804.0,,,,,,,,
326,146.0,147.0,403.0,537.0,539.0,541.0,551.0,982.0,,,,,,,,,,,,,,,,,,,,
327,119.0,163.0,167.0,189.0,208.0,233.0,234.0,279.0,280.0,283.0,284.0,289.0,323.0,324.0,341.0,342.0,343.0,354.0,363.0,564.0,740.0,1013.0,,,,,,
328,16.0,187.0,221.0,248.0,288.0,330.0,331.0,365.0,422.0,423.0,424.0,430.0,885.0,,,,,,,,,,,,,,,
329,187.0,221.0,288.0,329.0,331.0,365.0,382.0,422.0,423.0,424.0,430.0,1037.0,1123.0,1124.0,,,,,,,,,,,,,,
330,187.0,221.0,288.0,329.0,330.0,365.0,382.0,422.0,423.0,424.0,430.0,1037.0,1123.0,1124.0,,,,,,,,,,,,,,
331,,,,,,,,,,,,,,,,,,,,,,,,,,,,
332,133.0,238.0,253.0,476.0,488.0,603.0,614.0,630.0,791.0,,,,,,,,,,,,,,,,,,,
333,65.0,92.0,171.0,256.0,573.0,1005.0,,,,,,,,,,,,,,,,,,,,,,
334,67.0,127.0,137.0,368.0,803.0,,,,,,,,,,,,,,,,,,,,,,,
335,11.0,21.0,51.0,55.0,351.0,376.0,530.0,574.0,594.0,610.0,611.0,805.0,,,,,,,,,,,,,,,,
336,1147.0,,,,,,,,,,,,,,,,,,,,,,,,,,,
337,304.0,367.0,374.0,389.0,397.0,428.0,526.0,568.0,,,,,,,,,,,,,,,,,,,,
338,218.0,275.0,308.0,501.0,511.0,534.0,565.0,566.0,617.0,1154.0,,,,,,,,,,,,,,,,,,
339,852.0,924.0,959.0,,,,,,,,,,,,,,,,,,,,,,,,,
340,119.0,163.0,167.0,189.0,208.0,233.0,234.0,279.0,280.0,283.0,284.0,289.0,323.0,324.0,328.0,342.0,343.0,354.0,363.0,564.0,740.0,1013.0,,,,,,
341,119.0,163.0,167.0,189.0,208.0,233.0,234.0,279.0,280.0,283.0,284.0,289.0,323.0,324.0,328.0,341.0,343.0,354.0,363.0,564.0,740.0,1013.0,,,,,,
342,119.0,163.0,167.0,189.0,208.0,233.0,234.0,279.0,280.0,283.0,284.0,289.0,323.0,324.0,328.0,341.0,342.0,354.0,363.0,564.0,740.0,1013.0,,,,,,
343,98.0,107.0,277.0,1057.0,,,,,,,,,,,,,,,,,,,,,,,,
344,877.0,901.0,,,,,,,,,,,,,,,,,,,,,,,,,,
345,50.0,104.0,132.0,149.0,159.0,229.0,315.0,375.0,395.0,402.0,462.0,463.0,493.0,496.0,503.0,507.0,635.0,1076.0,,,,,,,,,,
346,186.0,437.0,558.0,663.0,730.0,770.0,860.0,,,,,,,,,,,,,,,,,,,,,
347,9.0,31.0,237.0,240.0,241.0,385.0,386.0,387.0,655.0,828.0,846.0,882.0,943.0,950.0,,,,,,,,,,,,,,
348,103.0,179.0,559.0,569.0,675.0,754.0,927.0,,,,,,,,,,,,,,,,,,,,,
349,122.0,188.0,321.0,728.0,729.0,1002.0,,,,,,,,,,,,,,,,,,,,,,
350,11.0,21.0,26.0,51.0,55.0,62.0,89.0,311.0,336.0,376.0,408.0,409.0,522.0,530.0,553.0,572.0,574.0,588.0,594.0,610.0,611.0,691.0,722.0,805.0,1063.0,,,
351,64.0,,,,,,,,,,,,,,,,,,,,,,,,,,,
352,176.0,282.0,647.0,,,,,,,,,,,,,,,,,,,,,,,,,
353,119.0,163.0,167.0,189.0,208.0,233.0,234.0,279.0,280.0,283.0,284.0,289.0,323.0,324.0,328.0,341.0,342.0,343.0,363.0,564.0,740.0,1013.0,,,,,,
354,446.0,448.0,527.0,811.0,,,,,,,,,,,,,,,,,,,,,,,,
355,160.0,249.0,258.0,505.0,944.0,948.0,1033.0,,,,,,,,,,,,,,,,,,,,,
356,113.0,153.0,239.0,306.0,976.0,989.0,,,,,,,,,,,,,,,,,,,,,,
357,72.0,227.0,587.0,670.0,883.0,,,,,,,,,,,,,,,,,,,,,,,
358,148.0,268.0,1017.0,1055.0,1070.0,,,,,,,,,,,,,,,,,,,,,,,
359,52.0,,,,,,,,,,,,,,,,,,,,,,,,,,,
360,,,,,,,,,,,,,,,,,,,,,,,,,,,,
361,71.0,143.0,673.0,690.0,838.0,847.0,955.0,,,,,,,,,,,,,,,,,,,,,
362,119.0,163.0,167.0,189.0,208.0,233.0,234.0,279.0,280.0,283.0,284.0,289.0,323.0,324.0,328.0,341.0,342.0,343.0,354.0,564.0,740.0,1013.0,,,,,,
363,173.0,235.0,236.0,252.0,292.0,,,,,,,,,,,,,,,,,,,,,,,
364,16.0,187.0,221.0,248.0,288.0,329.0,330.0,331.0,422.0,423.0,424.0,430.0,885.0,,,,,,,,,,,,,,,
365,383.0,431.0,432.0,502.0,788.0,835.0,,,,,,,,,,,,,,,,,,,,,,
366,304.0,338.0,374.0,389.0,397.0,428.0,526.0,568.0,,,,,,,,,,,,,,,,,,,,
367,67.0,127.0,137.0,335.0,803.0,,,,,,,,,,,,,,,,,,,,,,,
368,785.0,830.0,,,,,,,,,,,,,,,,,,,,,,,,,,
369,297.0,381.0,808.0,1119.0,,,,,,,,,,,,,,,,,,,,,,,,
370,113.0,239.0,1083.0,,,,,,,,,,,,,,,,,,,,,,,,,
371,3.0,81.0,83.0,165.0,272.0,325.0,470.0,498.0,556.0,600.0,769.0,786.0,1016.0,1101.0,1105.0,1106.0,1107.0,1116.0,1120.0,1149.0,1157.0,,,,,,,
372,801.0,,,,,,,,,,,,,,,,,,,,,,,,,,,
373,304.0,338.0,367.0,389.0,397.0,428.0,526.0,568.0,,,,,,,,,,,,,,,,,,,,
374,132.0,149.0,229.0,265.0,315.0,346.0,395.0,396.0,402.0,412.0,460.0,462.0,463.0,481.0,493.0,496.0,503.0,507.0,532.0,543.0,608.0,635.0,,,,,,
375,11.0,21.0,26.0,51.0,55.0,62.0,89.0,311.0,336.0,351.0,408.0,409.0,522.0,530.0,553.0,572.0,574.0,588.0,594.0,610.0,611.0,691.0,722.0,805.0,1063.0,,,
376,619.0,,,,,,,,,,,,,,,,,,,,,,,,,,,
377,54.0,,,,,,,,,,,,,,,,,,,,,,,,,,,
378,195.0,313.0,326.0,509.0,510.0,513.0,518.0,799.0,804.0,,,,,,,,,,,,,,,,,,,
379,524.0,609.0,628.0,647.0,,,,,,,,,,,,,,,,,,,,,,,,
380,297.0,370.0,808.0,1119.0,,,,,,,,,,,,,,,,,,,,,,,,
381,288.0,330.0,331.0,422.0,423.0,1032.0,1037.0,1123.0,1124.0,,,,,,,,,,,,,,,,,,,
382,366.0,431.0,432.0,502.0,788.0,835.0,,,,,,,,,,,,,,,,,,,,,,
383,,,,,,,,,,,,,,,,,,,,,,,,,,,,
384,18.0,31.0,240.0,348.0,386.0,387.0,828.0,846.0,882.0,950.0,965.0,,,,,,,,,,,,,,,,,
385,18.0,31.0,240.0,348.0,385.0,387.0,828.0,846.0,882.0,950.0,965.0,,,,,,,,,,,,,,,,,
386,18.0,31.0,240.0,348.0,385.0,386.0,828.0,846.0,882.0,950.0,965.0,,,,,,,,,,,,,,,,,
387,313.0,326.0,401.0,425.0,459.0,466.0,479.0,480.0,499.0,510.0,513.0,525.0,554.0,555.0,579.0,804.0,,,,,,,,,,,,
388,304.0,338.0,367.0,374.0,397.0,428.0,526.0,568.0,,,,,,,,,,,,,,,,,,,,
389,,,,,,,,,,,,,,,,,,,,,,,,,,,,
390,251.0,420.0,500.0,1148.0,,,,,,,,,,,,,,,,,,,,,,,,
391,123.0,126.0,129.0,271.0,477.0,531.0,757.0,887.0,916.0,,,,,,,,,,,,,,,,,,,
392,264.0,421.0,484.0,485.0,533.0,,,,,,,,,,,,,,,,,,,,,,,
393,413.0,,,,,,,,,,,,,,,,,,,,,,,,,,,
394,132.0,149.0,229.0,265.0,315.0,346.0,375.0,396.0,402.0,412.0,460.0,462.0,463.0,481.0,493.0,496.0,503.0,507.0,532.0,543.0,608.0,635.0,,,,,,
395,25.0,42.0,43.0,63.0,132.0,149.0,229.0,265.0,375.0,395.0,412.0,462.0,463.0,481.0,496.0,503.0,504.0,506.0,507.0,635.0,636.0,,,,,,,
396,304.0,338.0,367.0,374.0,389.0,428.0,526.0,568.0,,,,,,,,,,,,,,,,,,,,
397,438.0,536.0,,,,,,,,,,,,,,,,,,,,,,,,,,
398,,,,,,,,,,,,,,,,,,,,,,,,,,,,
399,,,,,,,,,,,,,,,,,,,,,,,,,,,,
400,313.0,326.0,388.0,425.0,459.0,466.0,479.0,480.0,499.0,510.0,513.0,525.0,554.0,555.0,579.0,804.0,,,,,,,,,,,,
401,50.0,104.0,132.0,149.0,159.0,229.0,315.0,346.0,375.0,395.0,462.0,463.0,493.0,496.0,503.0,507.0,635.0,1076.0,,,,,,,,,,
402,146.0,147.0,327.0,982.0,,,,,,,,,,,,,,,,,,,,,,,,
403,32.0,47.0,74.0,150.0,203.0,204.0,440.0,717.0,745.0,816.0,920.0,921.0,940.0,941.0,,,,,,,,,,,,,,
404,287.0,406.0,537.0,539.0,541.0,550.0,551.0,923.0,1036.0,,,,,,,,,,,,,,,,,,,
405,287.0,405.0,537.0,539.0,541.0,550.0,551.0,923.0,1036.0,,,,,,,,,,,,,,,,,,,
406,1.0,5.0,22.0,162.0,782.0,1078.0,1159.0,,,,,,,,,,,,,,,,,,,,,
407,11.0,21.0,26.0,51.0,55.0,62.0,89.0,103.0,311.0,351.0,376.0,409.0,522.0,530.0,553.0,559.0,569.0,572.0,574.0,588.0,594.0,610.0,611.0,691.0,722.0,754.0,805.0,1063.0
408,11.0,21.0,26.0,51.0,55.0,62.0,89.0,103.0,311.0,351.0,376.0,408.0,522.0,530.0,553.0,559.0,569.0,572.0,574.0,588.0,594.0,610.0,611.0,691.0,722.0,754.0,805.0,1063.0
409,,,,,,,,,,,,,,,,,,,,,,,,,,,,
410,802.0,814.0,954.0,,,,,,,,,,,,,,,,,,,,,,,,,
411,25.0,42.0,43.0,63.0,132.0,149.0,229.0,265.0,375.0,395.0,396.0,460.0,462.0,463.0,481.0,496.0,503.0,504.0,506.0,507.0,532.0,543.0,570.0,608.0,635.0,636.0,,
412,394.0,,,,,,,,,,,,,,,,,,,,,,,,,,,
413,45.0,58.0,59.0,134.0,201.0,947.0,1074.0,1109.0,,,,,,,,,,,,,,,,,,,,
414,,,,,,,,,,,,,,,,,,,,,,,,,,,,
415,293.0,544.0,575.0,,,,,,,,,,,,,,,,,,,,,,,,,
416,,,,,,,,,,,,,,,,,,,,,,,,,,,,
417,35.0,36.0,138.0,225.0,1144.0,,,,,,,,,,,,,,,,,,,,,,,
418,4.0,15.0,80.0,102.0,136.0,211.0,219.0,547.0,548.0,592.0,,,,,,,,,,,,,,,,,,
419,391.0,,,,,,,,,,,,,,,,,,,,,,,,,,,
420,264.0,393.0,484.0,485.0,533.0,,,,,,,,,,,,,,,,,,,,,,,
421,187.0,221.0,288.0,329.0,330.0,331.0,365.0,382.0,423.0,424.0,430.0,1037.0,1123.0,1124.0,,,,,,,,,,,,,,
422,187.0,221.0,288.0,329.0,330.0,331.0,365.0,382.0,422.0,424.0,430.0,1037.0,1123.0,1124.0,,,,,,,,,,,,,,
423,16.0,187.0,221.0,248.0,288.0,329.0,330.0,331.0,365.0,422.0,423.0,430.0,885.0,,,,,,,,,,,,,,,
424,313.0,326.0,388.0,401.0,459.0,466.0,479.0,480.0,499.0,510.0,513.0,525.0,554.0,555.0,579.0,804.0,,,,,,,,,,,,
425,180.0,195.0,245.0,269.0,270.0,456.0,494.0,518.0,519.0,763.0,799.0,,,,,,,,,,,,,,,,,
426,20.0,184.0,295.0,296.0,316.0,831.0,841.0,987.0,,,,,,,,,,,,,,,,,,,,
427,304.0,338.0,367.0,374.0,389.0,397.0,526.0,568.0,,,,,,,,,,,,,,,,,,,,
428,433.0,683.0,,,,,,,,,,,,,,,,,,,,,,,,,,
429,16.0,187.0,221.0,248.0,288.0,329.0,330.0,331.0,365.0,422.0,423.0,424.0,885.0,,,,,,,,,,,,,,,
430,366.0,383.0,432.0,502.0,788.0,835.0,,,,,,,,,,,,,,,,,,,,,,
431,366.0,383.0,431.0,502.0,788.0,835.0,,,,,,,,,,,,,,,,,,,,,,
432,429.0,683.0,,,,,,,,,,,,,,,,,,,,,,,,,,
433,199.0,1047.0,1096.0,1108.0,1137.0,,,,,,,,,,,,,,,,,,,,,,,
434,683.0,734.0,807.0,813.0,823.0,879.0,942.0,,,,,,,,,,,,,,,,,,,,,
435,857.0,908.0,963.0,999.0,1034.0,1118.0,,,,,,,,,,,,,,,,,,,,,,
436,186.0,347.0,558.0,730.0,860.0,1052.0,,,,,,,,,,,,,,,,,,,,,,
437,398.0,536.0,,,,,,,,,,,,,,,,,,,,,,,,,,
438,469.0,472.0,,,,,,,,,,,,,,,,,,,,,,,,,,
439,32.0,47.0,74.0,150.0,203.0,204.0,404.0,717.0,745.0,816.0,920.0,921.0,940.0,941.0,,,,,,,,,,,,,,
440,24.0,91.0,114.0,170.0,260.0,686.0,697.0,721.0,733.0,761.0,1111.0,,,,,,,,,,,,,,,,,
441,77.0,257.0,319.0,453.0,1077.0,,,,,,,,,,,,,,,,,,,,,,,
442,,,,,,,,,,,,,,,,,,,,,,,,,,,,
443,151.0,196.0,243.0,276.0,312.0,454.0,455.0,458.0,632.0,633.0,634.0,638.0,699.0,749.0,945.0,1095.0,,,,,,,,,,,,
444,,,,,,,,,,,,,,,,,,,,,,,,,,,,
445,355.0,448.0,527.0,811.0,,,,,,,,,,,,,,,,,,,,,,,,
446,,,,,,,,,,,,,,,,,,,,,,,,,,,,
447,355.0,446.0,527.0,811.0,,,,,,,,,,,,,,,,,,,,,,,,
448,96.0,254.0,255.0,607.0,618.0,621.0,936.0,974.0,1092.0,1093.0,,,,,,,,,,,,,,,,,,
449,460.0,532.0,543.0,570.0,608.0,,,,,,,,,,,,,,,,,,,,,,,
450,516.0,1115.0,,,,,,,,,,,,,,,,,,,,,,,,,,
451,216.0,217.0,981.0,1099.0,,,,,,,,,,,,,,,,,,,,,,,,
452,77.0,257.0,319.0,442.0,1077.0,,,,,,,,,,,,,,,,,,,,,,,
453,151.0,172.0,174.0,196.0,243.0,276.0,312.0,444.0,455.0,458.0,632.0,633.0,634.0,638.0,699.0,749.0,945.0,1095.0,,,,,,,,,,
454,151.0,196.0,243.0,276.0,312.0,444.0,454.0,458.0,632.0,633.0,634.0,638.0,699.0,749.0,945.0,1095.0,1139.0,,,,,,,,,,,
455,180.0,195.0,245.0,269.0,270.0,426.0,494.0,518.0,519.0,763.0,799.0,,,,,,,,,,,,,,,,,
456,68.0,471.0,984.0,985.0,,,,,,,,,,,,,,,,,,,,,,,,
457,151.0,196.0,243.0,276.0,312.0,444.0,454.0,455.0,632.0,633.0,634.0,638.0,699.0,749.0,945.0,1095.0,,,,,,,,,,,,
458,313.0,326.0,388.0,401.0,425.0,466.0,479.0,480.0,499.0,510.0,513.0,525.0,554.0,555.0,579.0,804.0,,,,,,,,,,,,
459,25.0,42.0,43.0,63.0,94.0,95.0,132.0,149.0,229.0,375.0,395.0,412.0,450.0,462.0,463.0,481.0,496.0,503.0,504.0,506.0,507.0,532.0,543.0,570.0,608.0,635.0,636.0,869.0
460,495.0,577.0,583.0,613.0,622.0,623.0,631.0,975.0,1065.0,,,,,,,,,,,,,,,,,,,
461,132.0,149.0,229.0,265.0,315.0,346.0,375.0,395.0,396.0,402.0,412.0,460.0,463.0,481.0,493.0,496.0,503.0,507.0,532.0,543.0,608.0,635.0,,,,,,
462,132.0,149.0,229.0,265.0,315.0,346.0,375.0,395.0,396.0,402.0,412.0,460.0,462.0,481.0,493.0,496.0,503.0,507.0,532.0,543.0,608.0,635.0,,,,,,
463,6.0,17.0,197.0,252.0,294.0,687.0,784.0,888.0,952.0,983.0,1001.0,1043.0,1104.0,,,,,,,,,,,,,,,
464,833.0,,,,,,,,,,,,,,,,,,,,,,,,,,,
465,313.0,326.0,388.0,401.0,425.0,459.0,479.0,480.0,499.0,510.0,513.0,525.0,554.0,555.0,579.0,804.0,,,,,,,,,,,,
466,29.0,103.0,135.0,267.0,299.0,300.0,310.0,521.0,559.0,569.0,754.0,795.0,1125.0,,,,,,,,,,,,,,,
467,,,,,,,,,,,,,,,,,,,,,,,,,,,,
468,439.0,472.0,,,,,,,,,,,,,,,,,,,,,,,,,,
469,3.0,81.0,83.0,165.0,251.0,272.0,325.0,372.0,498.0,500.0,556.0,600.0,769.0,786.0,995.0,1016.0,1101.0,1105.0,1106.0,1107.0,1116.0,1120.0,1148.0,1149.0,1157.0,,,
470,68.0,457.0,984.0,985.0,,,,,,,,,,,,,,,,,,,,,,,,
471,439.0,469.0,,,,,,,,,,,,,,,,,,,,,,,,,,
472,317.0,743.0,,,,,,,,,,,,,,,,,,,,,,,,,,
473,534.0,561.0,562.0,585.0,586.0,590.0,598.0,1030.0,1031.0,1154.0,,,,,,,,,,,,,,,,,,
474,,,,,,,,,,,,,,,,,,,,,,,,,,,,
475,133.0,238.0,253.0,333.0,488.0,603.0,614.0,630.0,791.0,,,,,,,,,,,,,,,,,,,
476,123.0,126.0,129.0,164.0,271.0,392.0,531.0,757.0,887.0,916.0,,,,,,,,,,,,,,,,,,
477,,,,,,,,,,,,,,,,,,,,,,,,,,,,
478,313.0,326.0,388.0,401.0,425.0,459.0,466.0,480.0,499.0,510.0,513.0,525.0,554.0,555.0,579.0,804.0,,,,,,,,,,,,
479,313.0,326.0,388.0,401.0,425.0,459.0,466.0,479.0,499.0,510.0,513.0,525.0,554.0,555.0,579.0,804.0,,,,,,,,,,,,
480,25.0,42.0,43.0,63.0,132.0,149.0,229.0,265.0,375.0,395.0,396.0,412.0,460.0,462.0,463.0,496.0,503.0,504.0,506.0,507.0,532.0,543.0,570.0,608.0,635.0,636.0,,
481,232.0,842.0,894.0,1089.0,,,,,,,,,,,,,,,,,,,,,,,,
482,904.0,1122.0,1129.0,,,,,,,,,,,,,,,,,,,,,,,,,
483,264.0,393.0,421.0,485.0,533.0,,,,,,,,,,,,,,,,,,,,,,,
484,264.0,393.0,421.0,484.0,533.0,,,,,,,,,,,,,,,,,,,,,,,
485,223.0,535.0,571.0,578.0,617.0,,,,,,,,,,,,,,,,,,,,,,,
486,1067.0,1088.0,,,,,,,,,,,,,,,,,,,,,,,,,,
487,133.0,238.0,253.0,333.0,476.0,603.0,614.0,630.0,791.0,,,,,,,,,,,,,,,,,,,
488,212.0,302.0,704.0,905.0,918.0,934.0,969.0,1009.0,1045.0,,,,,,,,,,,,,,,,,,,
489,78.0,84.0,118.0,152.0,161.0,,,,,,,,,,,,,,,,,,,,,,,
490,261.0,492.0,718.0,755.0,776.0,821.0,861.0,890.0,1135.0,,,,,,,,,,,,,,,,,,,
491,261.0,491.0,718.0,755.0,776.0,821.0,861.0,890.0,1135.0,,,,,,,,,,,,,,,,,,,
492,50.0,104.0,132.0,149.0,159.0,229.0,315.0,346.0,375.0,395.0,402.0,462.0,463.0,496.0,503.0,507.0,635.0,1076.0,,,,,,,,,,
493,180.0,195.0,245.0,269.0,270.0,426.0,456.0,518.0,519.0,763.0,799.0,,,,,,,,,,,,,,,,,
494,274.0,461.0,577.0,583.0,613.0,622.0,623.0,631.0,766.0,975.0,1065.0,1109.0,,,,,,,,,,,,,,,,
495,132.0,149.0,229.0,265.0,315.0,346.0,375.0,395.0,396.0,402.0,412.0,460.0,462.0,463.0,481.0,493.0,503.0,507.0,532.0,543.0,608.0,635.0,,,,,,
496,8.0,14.0,70.0,140.0,318.0,650.0,684.0,759.0,1081.0,,,,,,,,,,,,,,,,,,,
497,3.0,81.0,83.0,165.0,251.0,272.0,325.0,372.0,470.0,500.0,556.0,600.0,769.0,786.0,995.0,1016.0,1101.0,1105.0,1106.0,1107.0,1116.0,1120.0,1148.0,1149.0,1157.0,,,
498,313.0,326.0,388.0,401.0,425.0,459.0,466.0,479.0,480.0,510.0,513.0,525.0,554.0,555.0,579.0,804.0,,,,,,,,,,,,
499,165.0,251.0,272.0,391.0,470.0,498.0,556.0,1016.0,1148.0,1149.0,,,,,,,,,,,,,,,,,,
500,218.0,275.0,308.0,339.0,511.0,534.0,565.0,566.0,617.0,1154.0,,,,,,,,,,,,,,,,,,
501,366.0,383.0,431.0,432.0,788.0,835.0,,,,,,,,,,,,,,,,,,,,,,
502,132.0,149.0,229.0,265.0,315.0,346.0,375.0,395.0,396.0,402.0,412.0,460.0,462.0,463.0,481.0,493.0,496.0,507.0,532.0,543.0,608.0,635.0,,,,,,
503,25.0,42.0,43.0,63.0,265.0,396.0,412.0,460.0,481.0,506.0,532.0,543.0,570.0,608.0,636.0,,,,,,,,,,,,,
504,160.0,249.0,258.0,356.0,515.0,948.0,,,,,,,,,,,,,,,,,,,,,,
505,25.0,42.0,43.0,63.0,265.0,396.0,412.0,460.0,481.0,504.0,532.0,543.0,570.0,608.0,636.0,,,,,,,,,,,,,
506,132.0,149.0,229.0,265.0,315.0,346.0,375.0,395.0,396.0,402.0,412.0,460.0,462.0,463.0,481.0,493.0,496.0,503.0,532.0,543.0,608.0,635.0,,,,,,
507,676.0,746.0,775.0,971.0,,,,,,,,,,,,,,,,,,,,,,,,
508,195.0,313.0,326.0,379.0,510.0,513.0,518.0,799.0,804.0,,,,,,,,,,,,,,,,,,,
509,313.0,326.0,379.0,388.0,401.0,425.0,459.0,466.0,479.0,480.0,499.0,509.0,513.0,518.0,525.0,554.0,555.0,579.0,799.0,804.0,,,,,,,,
510,218.0,275.0,308.0,339.0,501.0,534.0,565.0,566.0,581.0,1154.0,,,,,,,,,,,,,,,,,,
511,82.0,200.0,514.0,580.0,584.0,589.0,591.0,599.0,602.0,864.0,1138.0,,,,,,,,,,,,,,,,,
512,313.0,326.0,379.0,388.0,401.0,425.0,459.0,466.0,479.0,480.0,499.0,509.0,510.0,518.0,525.0,554.0,555.0,579.0,799.0,804.0,,,,,,,,
513,82.0,200.0,512.0,580.0,584.0,589.0,591.0,599.0,602.0,864.0,1138.0,,,,,,,,,,,,,,,,,
514,45.0,58.0,59.0,134.0,201.0,258.0,505.0,715.0,815.0,886.0,914.0,947.0,949.0,1074.0,,,,,,,,,,,,,,
515,451.0,1115.0,,,,,,,,,,,,,,,,,,,,,,,,,,
516,747.0,,,,,,,,,,,,,,,,,,,,,,,,,,,
517,180.0,195.0,245.0,269.0,270.0,313.0,326.0,379.0,426.0,456.0,494.0,509.0,510.0,513.0,519.0,763.0,799.0,804.0,,,,,,,,,,
518,180.0,195.0,245.0,269.0,270.0,426.0,456.0,494.0,518.0,763.0,799.0,,,,,,,,,,,,,,,,,
519,545.0,881.0,930.0,988.0,,,,,,,,,,,,,,,,,,,,,,,,
520,29.0,103.0,135.0,267.0,299.0,300.0,310.0,467.0,559.0,569.0,754.0,795.0,1125.0,,,,,,,,,,,,,,,
521,11.0,21.0,26.0,51.0,55.0,62.0,89.0,103.0,311.0,351.0,376.0,408.0,409.0,530.0,553.0,559.0,569.0,572.0,574.0,588.0,594.0,610.0,611.0,691.0,722.0,754.0,805.0,1063.0
522,,,,,,,,,,,,,,,,,,,,,,,,,,,,
523,380.0,628.0,647.0,,,,,,,,,,,,,,,,,,,,,,,,,
524,313.0,326.0,388.0,401.0,425.0,459.0,466.0,479.0,480.0,499.0,510.0,513.0,554.0,555.0,579.0,804.0,,,,,,,,,,,,
525,304.0,338.0,367.0,374.0,389.0,397.0,428.0,568.0,,,,,,,,,,,,,,,,,,,,
526,355.0,446.0,448.0,811.0,,,,,,,,,,,,,,,,,,,,,,,,
527,658.0,667.0,778.0,915.0,,,,,,,,,,,,,,,,,,,,,,,,
528,783.0,844.0,917.0,957.0,,,,,,,,,,,,,,,,,,,,,,,,
529,11.0,21.0,26.0,51.0,55.0,62.0,89.0,311.0,336.0,351.0,376.0,408.0,409.0,522.0,553.0,572.0,574.0,588.0,594.0,610.0,611.0,691.0,722.0,805.0,1063.0,,,
530,123.0,126.0,129.0,164.0,271.0,392.0,477.0,757.0,887.0,916.0,,,,,,,,,,,,,,,,,,
531,25.0,42.0,43.0,63.0,94.0,95.0,132.0,149.0,229.0,375.0,395.0,412.0,450.0,460.0,462.0,463.0,481.0,496.0,503.0,504.0,506.0,507.0,543.0,570.0,608.0,635.0,636.0,869.0
532,264.0,393.0,421.0,484.0,485.0,,,,,,,,,,,,,,,,,,,,,,,
533,218.0,308.0,339.0,474.0,501.0,511.0,585.0,586.0,590.0,598.0,617.0,1030.0,1031.0,1154.0,,,,,,,,,,,,,,
534,223.0,486.0,571.0,578.0,617.0,,,,,,,,,,,,,,,,,,,,,,,
535,398.0,438.0,,,,,,,,,,,,,,,,,,,,,,,,,,
536,146.0,147.0,327.0,405.0,406.0,539.0,541.0,550.0,551.0,923.0,,,,,,,,,,,,,,,,,,
537,101.0,595.0,597.0,,,,,,,,,,,,,,,,,,,,,,,,,
538,146.0,147.0,327.0,405.0,406.0,537.0,541.0,550.0,551.0,923.0,,,,,,,,,,,,,,,,,,
539,,,,,,,,,,,,,,,,,,,,,,,,,,,,
540,146.0,147.0,327.0,405.0,406.0,537.0,539.0,550.0,551.0,923.0,,,,,,,,,,,,,,,,,,
541,60.0,274.0,766.0,900.0,,,,,,,,,,,,,,,,,,,,,,,,
542,25.0,42.0,43.0,63.0,94.0,95.0,132.0,149.0,229.0,375.0,395.0,412.0,450.0,460.0,462.0,463.0,481.0,496.0,503.0,504.0,506.0,507.0,532.0,570.0,608.0,635.0,636.0,869.0
543,416.0,,,,,,,,,,,,,,,,,,,,,,,,,,,
544,520.0,881.0,930.0,988.0,,,,,,,,,,,,,,,,,,,,,,,,
545,593.0,,,,,,,,,,,,,,,,,,,,,,,,,,,
546,4.0,15.0,28.0,80.0,102.0,136.0,141.0,175.0,211.0,219.0,419.0,548.0,592.0,,,,,,,,,,,,,,,
547,4.0,15.0,80.0,102.0,136.0,211.0,219.0,419.0,547.0,592.0,,,,,,,,,,,,,,,,,,
548,107.0,145.0,277.0,278.0,916.0,1057.0,,,,,,,,,,,,,,,,,,,,,,
549,287.0,405.0,406.0,537.0,539.0,541.0,551.0,923.0,1036.0,,,,,,,,,,,,,,,,,,,
550,146.0,147.0,327.0,405.0,406.0,537.0,539.0,541.0,550.0,923.0,,,,,,,,,,,,,,,,,,
551,,,,,,,,,,,,,,,,,,,,,,,,,,,,
552,11.0,21.0,26.0,51.0,55.0,62.0,89.0,103.0,311.0,351.0,376.0,408.0,409.0,522.0,530.0,559.0,569.0,572.0,574.0,588.0,594.0,610.0,611.0,691.0,722.0,754.0,805.0,1063.0
553,313.0,326.0,388.0,401.0,425.0,459.0,466.0,479.0,480.0,499.0,510.0,513.0,525.0,555.0,579.0,804.0,,,,,,,,,,,,
554,313.0,326.0,388.0,401.0,425.0,459.0,466.0,479.0,480.0,499.0,510.0,513.0,525.0,554.0,579.0,804.0,,,,,,,,,,,,
555,3.0,81.0,83.0,165.0,251.0,272.0,325.0,372.0,470.0,498.0,500.0,600.0,769.0,786.0,995.0,1016.0,1101.0,1105.0,1106.0,1107.0,1116.0,1120.0,1148.0,1149.0,1157.0,,,
556,563.0,601.0,606.0,707.0,789.0,903.0,958.0,993.0,1094.0,1098.0,,,,,,,,,,,,,,,,,,
557,186.0,347.0,437.0,730.0,860.0,1052.0,,,,,,,,,,,,,,,,,,,,,,
558,26.0,29.0,62.0,89.0,103.0,135.0,267.0,299.0,300.0,310.0,311.0,349.0,408.0,409.0,467.0,521.0,522.0,553.0,569.0,572.0,588.0,691.0,722.0,754.0,795.0,927.0,1063.0,1125.0
559,712.0,,,,,,,,,,,,,,,,,,,,,,,,,,,
560,474.0,562.0,585.0,586.0,590.0,598.0,1030.0,1031.0,1154.0,,,,,,,,,,,,,,,,,,,
561,474.0,561.0,585.0,586.0,590.0,598.0,1030.0,1031.0,1154.0,,,,,,,,,,,,,,,,,,,
562,557.0,601.0,606.0,707.0,789.0,903.0,958.0,993.0,1094.0,1098.0,,,,,,,,,,,,,,,,,,
563,119.0,163.0,167.0,189.0,208.0,233.0,234.0,279.0,280.0,283.0,284.0,289.0,323.0,324.0,328.0,341.0,342.0,343.0,354.0,363.0,740.0,1013.0,,,,,,
564,23.0,218.0,275.0,308.0,339.0,501.0,511.0,566.0,567.0,,,,,,,,,,,,,,,,,,,
565,23.0,218.0,275.0,308.0,339.0,501.0,511.0,565.0,567.0,,,,,,,,,,,,,,,,,,,
566,23.0,565.0,566.0,,,,,,,,,,,,,,,,,,,,,,,,,
567,304.0,338.0,367.0,374.0,389.0,397.0,428.0,526.0,,,,,,,,,,,,,,,,,,,,
568,26.0,29.0,62.0,89.0,103.0,135.0,267.0,299.0,300.0,310.0,311.0,349.0,408.0,409.0,467.0,521.0,522.0,553.0,559.0,572.0,588.0,691.0,722.0,754.0,795.0,927.0,1063.0,1125.0
569,25.0,42.0,43.0,63.0,94.0,95.0,412.0,450.0,460.0,481.0,504.0,506.0,532.0,543.0,608.0,636.0,869.0,,,,,,,,,,,
570,223.0,486.0,535.0,578.0,617.0,,,,,,,,,,,,,,,,,,,,,,,
571,11.0,21.0,26.0,51.0,55.0,62.0,89.0,103.0,311.0,351.0,376.0,408.0,409.0,522.0,530.0,553.0,559.0,569.0,574.0,588.0,594.0,610.0,611.0,691.0,722.0,754.0,805.0,1063.0
572,65.0,92.0,171.0,256.0,334.0,1005.0,,,,,,,,,,,,,,,,,,,,,,
573,11.0,21.0,26.0,51.0,55.0,62.0,89.0,311.0,336.0,351.0,376.0,408.0,409.0,522.0,530.0,553.0,572.0,588.0,594.0,610.0,611.0,691.0,722.0,805.0,1063.0,,,
574,293.0,416.0,,,,,,,,,,,,,,,,,,,,,,,,,,
575,,,,,,,,,,,,,,,,,,,,,,,,,,,,
576,274.0,461.0,495.0,583.0,613.0,622.0,623.0,631.0,766.0,975.0,1065.0,1109.0,,,,,,,,,,,,,,,,
577,223.0,486.0,535.0,571.0,617.0,,,,,,,,,,,,,,,,,,,,,,,
578,313.0,326.0,388.0,401.0,425.0,459.0,466.0,479.0,480.0,499.0,510.0,513.0,525.0,554.0,555.0,804.0,,,,,,,,,,,,
579,82.0,200.0,512.0,514.0,584.0,589.0,591.0,599.0,602.0,864.0,1138.0,,,,,,,,,,,,,,,,,
580,275.0,511.0,1154.0,,,,,,,,,,,,,,,,,,,,,,,,,
581,,,,,,,,,,,,,,,,,,,,,,,,,,,,
582,274.0,461.0,495.0,577.0,613.0,622.0,623.0,631.0,766.0,975.0,1065.0,1109.0,,,,,,,,,,,,,,,,
583,82.0,200.0,512.0,514.0,580.0,589.0,591.0,599.0,602.0,864.0,1138.0,,,,,,,,,,,,,,,,,
584,474.0,534.0,561.0,562.0,586.0,590.0,598.0,1030.0,1031.0,1154.0,,,,,,,,,,,,,,,,,,
585,474.0,534.0,561.0,562.0,585.0,590.0,598.0,1030.0,1031.0,1154.0,,,,,,,,,,,,,,,,,,
586,72.0,227.0,358.0,670.0,883.0,,,,,,,,,,,,,,,,,,,,,,,
587,11.0,21.0,26.0,51.0,55.0,62.0,89.0,103.0,311.0,351.0,376.0,408.0,409.0,522.0,530.0,553.0,559.0,569.0,572.0,574.0,594.0,610.0,611.0,691.0,722.0,754.0,805.0,1063.0
588,82.0,200.0,512.0,514.0,580.0,584.0,591.0,599.0,602.0,864.0,1138.0,,,,,,,,,,,,,,,,,
589,474.0,534.0,561.0,562.0,585.0,586.0,598.0,1030.0,1031.0,1154.0,,,,,,,,,,,,,,,,,,
590,82.0,200.0,512.0,514.0,580.0,584.0,589.0,599.0,602.0,864.0,1138.0,,,,,,,,,,,,,,,,,
591,4.0,15.0,80.0,102.0,136.0,211.0,219.0,419.0,547.0,548.0,,,,,,,,,,,,,,,,,,
592,546.0,,,,,,,,,,,,,,,,,,,,,,,,,,,
593,11.0,21.0,26.0,51.0,55.0,62.0,89.0,311.0,336.0,351.0,376.0,408.0,409.0,522.0,530.0,553.0,572.0,574.0,588.0,610.0,611.0,691.0,722.0,805.0,1063.0,,,
594,101.0,538.0,597.0,,,,,,,,,,,,,,,,,,,,,,,,,
595,56.0,171.0,256.0,266.0,620.0,674.0,,,,,,,,,,,,,,,,,,,,,,
596,101.0,538.0,595.0,,,,,,,,,,,,,,,,,,,,,,,,,
597,474.0,534.0,561.0,562.0,585.0,586.0,590.0,1030.0,1031.0,1154.0,,,,,,,,,,,,,,,,,,
598,82.0,200.0,512.0,514.0,580.0,584.0,589.0,591.0,602.0,864.0,1138.0,,,,,,,,,,,,,,,,,
599,3.0,81.0,83.0,165.0,272.0,325.0,372.0,470.0,498.0,556.0,769.0,786.0,1016.0,1101.0,1105.0,1106.0,1107.0,1116.0,1120.0,1149.0,1157.0,,,,,,,
600,557.0,563.0,606.0,707.0,789.0,903.0,958.0,993.0,1094.0,1098.0,,,,,,,,,,,,,,,,,,
601,82.0,200.0,512.0,514.0,580.0,584.0,589.0,591.0,599.0,864.0,1138.0,,,,,,,,,,,,,,,,,
602,133.0,238.0,253.0,333.0,476.0,488.0,614.0,630.0,791.0,,,,,,,,,,,,,,,,,,,
603,,,,,,,,,,,,,,,,,,,,,,,,,,,,
604,615.0,644.0,1121.0,,,,,,,,,,,,,,,,,,,,,,,,,
605,557.0,563.0,601.0,707.0,789.0,903.0,958.0,993.0,1094.0,1098.0,,,,,,,,,,,,,,,,,,
606,96.0,254.0,255.0,449.0,618.0,621.0,936.0,974.0,1092.0,1093.0,,,,,,,,,,,,,,,,,,
607,25.0,42.0,43.0,63.0,94.0,95.0,132.0,149.0,229.0,375.0,395.0,412.0,450.0,460.0,462.0,463.0,481.0,496.0,503.0,504.0,506.0,507.0,532.0,543.0,570.0,635.0,636.0,869.0
608,380.0,626.0,627.0,629.0,647.0,,,,,,,,,,,,,,,,,,,,,,,
609,11.0,21.0,26.0,51.0,55.0,62.0,89.0,311.0,336.0,351.0,376.0,408.0,409.0,522.0,530.0,553.0,572.0,574.0,588.0,594.0,611.0,691.0,722.0,805.0,1063.0,,,
610,11.0,21.0,26.0,51.0,55.0,62.0,89.0,311.0,336.0,351.0,376.0,408.0,409.0,522.0,530.0,553.0,572.0,574.0,588.0,594.0,610.0,691.0,722.0,805.0,1063.0,,,
611,18.0,131.0,320.0,867.0,965.0,1004.0,,,,,,,,,,,,,,,,,,,,,,
612,461.0,495.0,577.0,583.0,622.0,623.0,631.0,975.0,1065.0,,,,,,,,,,,,,,,,,,,
613,133.0,238.0,253.0,333.0,476.0,488.0,603.0,630.0,791.0,,,,,,,,,,,,,,,,,,,
614,605.0,644.0,1121.0,,,,,,,,,,,,,,,,,,,,,,,,,
615,689.0,905.0,,,,,,,,,,,,,,,,,,,,,,,,,,
616,218.0,223.0,308.0,339.0,486.0,501.0,534.0,535.0,571.0,578.0,,,,,,,,,,,,,,,,,,
617,96.0,254.0,255.0,449.0,607.0,621.0,936.0,974.0,1092.0,1093.0,,,,,,,,,,,,,,,,,,
618,377.0,,,,,,,,,,,,,,,,,,,,,,,,,,,
619,56.0,171.0,256.0,266.0,596.0,674.0,,,,,,,,,,,,,,,,,,,,,,
620,96.0,254.0,255.0,449.0,607.0,618.0,936.0,974.0,1092.0,1093.0,,,,,,,,,,,,,,,,,,
621,274.0,461.0,495.0,577.0,583.0,613.0,623.0,631.0,766.0,975.0,1065.0,1109.0,,,,,,,,,,,,,,,,
622,274.0,461.0,495.0,577.0,583.0,613.0,622.0,631.0,766.0,975.0,1065.0,1109.0,,,,,,,,,,,,,,,,
623,69.0,207.0,286.0,902.0,,,,,,,,,,,,,,,,,,,,,,,,
624,,,,,,,,,,,,,,,,,,,,,,,,,,,,
625,176.0,609.0,627.0,629.0,,,,,,,,,,,,,,,,,,,,,,,,
626,176.0,609.0,626.0,629.0,,,,,,,,,,,,,,,,,,,,,,,,
627,380.0,524.0,,,,,,,,,,,,,,,,,,,,,,,,,,
628,176.0,609.0,626.0,627.0,,,,,,,,,,,,,,,,,,,,,,,,
629,133.0,238.0,253.0,333.0,476.0,488.0,603.0,614.0,791.0,,,,,,,,,,,,,,,,,,,
630,274.0,461.0,495.0,577.0,583.0,613.0,622.0,623.0,766.0,975.0,1065.0,1109.0,,,,,,,,,,,,,,,,
631,151.0,196.0,243.0,276.0,312.0,444.0,454.0,455.0,458.0,633.0,634.0,638.0,699.0,749.0,945.0,1095.0,,,,,,,,,,,,
632,151.0,196.0,243.0,276.0,312.0,444.0,454.0,455.0,458.0,632.0,634.0,638.0,699.0,749.0,945.0,1095.0,,,,,,,,,,,,
633,151.0,196.0,243.0,276.0,312.0,444.0,454.0,455.0,458.0,632.0,633.0,638.0,699.0,749.0,945.0,1095.0,,,,,,,,,,,,
634,132.0,149.0,229.0,265.0,315.0,346.0,375.0,395.0,396.0,402.0,412.0,460.0,462.0,463.0,481.0,493.0,496.0,503.0,507.0,532.0,543.0,608.0,,,,,,
635,25.0,42.0,43.0,63.0,265.0,396.0,412.0,460.0,481.0,504.0,506.0,532.0,543.0,570.0,608.0,,,,,,,,,,,,,
636,639.0,,,,,,,,,,,,,,,,,,,,,,,,,,,
637,151.0,196.0,243.0,276.0,312.0,444.0,454.0,455.0,458.0,632.0,633.0,634.0,699.0,749.0,945.0,1095.0,,,,,,,,,,,,
638,637.0,,,,,,,,,,,,,,,,,,,,,,,,,,,
639,19.0,44.0,100.0,1091.0,,,,,,,,,,,,,,,,,,,,,,,,
640,1000.0,,,,,,,,,,,,,,,,,,,,,,,,,,,
641,97.0,933.0,,,,,,,,,,,,,,,,,,,,,,,,,,
642,1007.0,,,,,,,,,,,,,,,,,,,,,,,,,,,
643,605.0,615.0,1121.0,,,,,,,,,,,,,,,,,,,,,,,,,
644,53.0,659.0,672.0,677.0,,,,,,,,,,,,,,,,,,,,,,,,
645,,,,,,,,,,,,,,,,,,,,,,,,,,,,
646,176.0,282.0,353.0,380.0,524.0,609.0,,,,,,,,,,,,,,,,,,,,,,
647,,,,,,,,,,,,,,,,,,,,,,,,,,,,
648,1085.0,,,,,,,,,,,,,,,,,,,,,,,,,,,
649,8.0,14.0,70.0,140.0,318.0,497.0,684.0,759.0,1081.0,,,,,,,,,,,,,,,,,,,
650,,,,,,,,,,,,,,,,,,,,,,,,,,,,
651,,,,,,,,,,,,,,,,,,,,,,,,,,,,
652,1141.0,,,,,,,,,,,,,,,,,,,,,,,,,,,
653,,,,,,,,,,,,,,,,,,,,,,,,,,,,
654,9.0,31.0,110.0,112.0,237.0,241.0,348.0,875.0,943.0,,,,,,,,,,,,,,,,,,,
655,,,,,,,,,,,,,,,,,,,,,,,,,,,,
656,120.0,205.0,244.0,679.0,701.0,732.0,760.0,794.0,829.0,854.0,,,,,,,,,,,,,,,,,,
657,528.0,667.0,778.0,897.0,915.0,,,,,,,,,,,,,,,,,,,,,,,
658,53.0,261.0,645.0,672.0,677.0,,,,,,,,,,,,,,,,,,,,,,,
659,,,,,,,,,,,,,,,,,,,,,,,,,,,,
660,27.0,46.0,122.0,181.0,206.0,214.0,231.0,263.0,666.0,680.0,682.0,848.0,1041.0,,,,,,,,,,,,,,,
661,1102.0,,,,,,,,,,,,,,,,,,,,,,,,,,,
662,347.0,770.0,,,,,,,,,,,,,,,,,,,,,,,,,,
663,797.0,929.0,,,,,,,,,,,,,,,,,,,,,,,,,,
664,756.0,,,,,,,,,,,,,,,,,,,,,,,,,,,
665,122.0,661.0,848.0,1041.0,,,,,,,,,,,,,,,,,,,,,,,,
666,528.0,658.0,778.0,897.0,915.0,,,,,,,,,,,,,,,,,,,,,,,
667,,,,,,,,,,,,,,,,,,,,,,,,,,,,
668,,,,,,,,,,,,,,,,,,,,,,,,,,,,
669,72.0,227.0,358.0,587.0,883.0,,,,,,,,,,,,,,,,,,,,,,,
670,97.0,725.0,,,,,,,,,,,,,,,,,,,,,,,,,,
671,53.0,645.0,659.0,677.0,,,,,,,,,,,,,,,,,,,,,,,,
672,71.0,143.0,362.0,690.0,838.0,847.0,955.0,,,,,,,,,,,,,,,,,,,,,
673,56.0,171.0,256.0,266.0,596.0,620.0,,,,,,,,,,,,,,,,,,,,,,
674,179.0,349.0,927.0,,,,,,,,,,,,,,,,,,,,,,,,,
675,508.0,746.0,775.0,971.0,,,,,,,,,,,,,,,,,,,,,,,,
676,53.0,261.0,645.0,659.0,672.0,,,,,,,,,,,,,,,,,,,,,,,
677,683.0,,,,,,,,,,,,,,,,,,,,,,,,,,,
678,657.0,701.0,760.0,794.0,,,,,,,,,,,,,,,,,,,,,,,,
679,12.0,27.0,30.0,46.0,122.0,181.0,206.0,214.0,231.0,263.0,661.0,682.0,848.0,1041.0,,,,,,,,,,,,,,
680,,,,,,,,,,,,,,,,,,,,,,,,,,,,
681,12.0,27.0,30.0,46.0,122.0,181.0,206.0,214.0,231.0,263.0,661.0,680.0,848.0,1041.0,,,,,,,,,,,,,,
682,429.0,433.0,435.0,678.0,734.0,807.0,813.0,823.0,879.0,942.0,,,,,,,,,,,,,,,,,,
683,8.0,13.0,14.0,70.0,140.0,318.0,497.0,650.0,759.0,1081.0,,,,,,,,,,,,,,,,,,
684,892.0,,,,,,,,,,,,,,,,,,,,,,,,,,,
685,24.0,91.0,114.0,170.0,260.0,441.0,697.0,721.0,733.0,761.0,1111.0,,,,,,,,,,,,,,,,,
686,464.0,784.0,888.0,952.0,983.0,1043.0,1104.0,,,,,,,,,,,,,,,,,,,,,
687,703.0,,,,,,,,,,,,,,,,,,,,,,,,,,,
688,616.0,,,,,,,,,,,,,,,,,,,,,,,,,,,
689,71.0,143.0,362.0,673.0,838.0,847.0,955.0,1048.0,,,,,,,,,,,,,,,,,,,,
690,11.0,21.0,26.0,51.0,55.0,62.0,89.0,103.0,311.0,351.0,376.0,408.0,409.0,522.0,530.0,553.0,559.0,569.0,572.0,574.0,588.0,594.0,610.0,611.0,722.0,754.0,805.0,1063.0
691,,,,,,,,,,,,,,,,,,,,,,,,,,,,
692,,,,,,,,,,,,,,,,,,,,,,,,,,,,
693,711.0,726.0,765.0,851.0,,,,,,,,,,,,,,,,,,,,,,,,
694,139.0,724.0,,,,,,,,,,,,,,,,,,,,,,,,,,
695,748.0,790.0,,,,,,,,,,,,,,,,,,,,,,,,,,
696,24.0,91.0,114.0,170.0,260.0,441.0,686.0,721.0,733.0,761.0,1111.0,1123.0,1124.0,,,,,,,,,,,,,,,
697,209.0,1112.0,,,,,,,,,,,,,,,,,,,,,,,,,,
698,151.0,196.0,243.0,276.0,312.0,444.0,454.0,455.0,458.0,632.0,633.0,634.0,638.0,749.0,945.0,1095.0,,,,,,,,,,,,
699,,,,,,,,,,,,,,,,,,,,,,,,,,,,
700,657.0,679.0,760.0,794.0,,,,,,,,,,,,,,,,,,,,,,,,
701,,,,,,,,,,,,,,,,,,,,,,,,,,,,
702,688.0,,,,,,,,,,,,,,,,,,,,,,,,,,,
703,212.0,302.0,489.0,905.0,918.0,934.0,969.0,1009.0,1045.0,,,,,,,,,,,,,,,,,,,
704,837.0,997.0,1131.0,,,,,,,,,,,,,,,,,,,,,,,,,
705,38.0,49.0,719.0,899.0,913.0,925.0,926.0,,,,,,,,,,,,,,,,,,,,,
706,557.0,563.0,601.0,606.0,789.0,903.0,993.0,1094.0,1098.0,,,,,,,,,,,,,,,,,,,
707,710.0,,,,,,,,,,,,,,,,,,,,,,,,,,,
708,,,,,,,,,,,,,,,,,,,,,,,,,,,,
709,708.0,,,,,,,,,,,,,,,,,,,,,,,,,,,
710,694.0,726.0,765.0,851.0,,,,,,,,,,,,,,,,,,,,,,,,
711,560.0,,,,,,,,,,,,,,,,,,,,,,,,,,,
712,,,,,,,,,,,,,,,,,,,,,,,,,,,,
713,,,,,,,,,,,,,,,,,,,,,,,,,,,,
714,515.0,815.0,886.0,914.0,949.0,1103.0,,,,,,,,,,,,,,,,,,,,,,
715,,,,,,,,,,,,,,,,,,,,,,,,,,,,
716,32.0,47.0,74.0,150.0,203.0,204.0,404.0,440.0,745.0,816.0,920.0,921.0,940.0,941.0,,,,,,,,,,,,,,
717,261.0,491.0,492.0,755.0,776.0,821.0,861.0,890.0,1135.0,,,,,,,,,,,,,,,,,,,
718,38.0,49.0,706.0,899.0,913.0,925.0,926.0,,,,,,,,,,,,,,,,,,,,,
719,76.0,768.0,774.0,,,,,,,,,,,,,,,,,,,,,,,,,
720,24.0,91.0,114.0,170.0,260.0,441.0,686.0,697.0,733.0,761.0,1111.0,,,,,,,,,,,,,,,,,
721,11.0,21.0,26.0,51.0,55.0,62.0,89.0,103.0,311.0,351.0,376.0,408.0,409.0,522.0,530.0,553.0,559.0,569.0,572.0,574.0,588.0,594.0,610.0,611.0,691.0,754.0,805.0,1063.0
722,87.0,111.0,764.0,1084.0,,,,,,,,,,,,,,,,,,,,,,,,
723,139.0,695.0,,,,,,,,,,,,,,,,,,,,,,,,,,
724,97.0,671.0,,,,,,,,,,,,,,,,,,,,,,,,,,
725,694.0,711.0,765.0,851.0,,,,,,,,,,,,,,,,,,,,,,,,
726,57.0,185.0,190.0,,,,,,,,,,,,,,,,,,,,,,,,,
727,188.0,213.0,224.0,321.0,350.0,729.0,1002.0,,,,,,,,,,,,,,,,,,,,,
728,122.0,188.0,321.0,350.0,728.0,1002.0,,,,,,,,,,,,,,,,,,,,,,
729,186.0,347.0,437.0,558.0,860.0,1052.0,,,,,,,,,,,,,,,,,,,,,,
730,750.0,,,,,,,,,,,,,,,,,,,,,,,,,,,
731,205.0,244.0,657.0,829.0,854.0,,,,,,,,,,,,,,,,,,,,,,,
732,24.0,91.0,114.0,170.0,260.0,441.0,686.0,697.0,721.0,761.0,1111.0,1123.0,1124.0,,,,,,,,,,,,,,,
733,435.0,683.0,807.0,813.0,823.0,879.0,942.0,,,,,,,,,,,,,,,,,,,,,
734,737.0,738.0,,,,,,,,,,,,,,,,,,,,,,,,,,
735,,,,,,,,,,,,,,,,,,,,,,,,,,,,
736,735.0,738.0,,,,,,,,,,,,,,,,,,,,,,,,,,
737,735.0,737.0,,,,,,,,,,,,,,,,,,,,,,,,,,
738,,,,,,,,,,,,,,,,,,,,,,,,,,,,
739,119.0,163.0,167.0,189.0,208.0,233.0,234.0,279.0,280.0,283.0,284.0,289.0,323.0,324.0,328.0,341.0,342.0,343.0,354.0,363.0,564.0,1013.0,,,,,,
740,980.0,,,,,,,,,,,,,,,,,,,,,,,,,,,
741,93.0,1033.0,,,,,,,,,,,,,,,,,,,,,,,,,,
742,317.0,473.0,,,,,,,,,,,,,,,,,,,,,,,,,,
743,,,,,,,,,,,,,,,,,,,,,,,,,,,,
744,32.0,47.0,74.0,150.0,203.0,204.0,404.0,440.0,717.0,816.0,920.0,921.0,940.0,941.0,,,,,,,,,,,,,,
745,508.0,676.0,775.0,971.0,,,,,,,,,,,,,,,,,,,,,,,,
746,517.0,,,,,,,,,,,,,,,,,,,,,,,,,,,
747,696.0,790.0,,,,,,,,,,,,,,,,,,,,,,,,,,
748,151.0,196.0,243.0,276.0,312.0,444.0,454.0,455.0,458.0,632.0,633.0,634.0,638.0,699.0,945.0,1095.0,1139.0,,,,,,,,,,,
749,731.0,,,,,,,,,,,,,,,,,,,,,,,,,,,
750,978.0,1062.0,,,,,,,,,,,,,,,,,,,,,,,,,,
751,,,,,,,,,,,,,,,,,,,,,,,,,,,,
752,,,,,,,,,,,,,,,,,,,,,,,,,,,,
753,26.0,29.0,62.0,89.0,103.0,135.0,267.0,299.0,300.0,310.0,311.0,349.0,408.0,409.0,467.0,521.0,522.0,553.0,559.0,569.0,572.0,588.0,691.0,722.0,795.0,927.0,1063.0,1125.0
754,261.0,491.0,492.0,718.0,776.0,821.0,861.0,890.0,1135.0,,,,,,,,,,,,,,,,,,,
755,665.0,,,,,,,,,,,,,,,,,,,,,,,,,,,
756,123.0,126.0,129.0,164.0,271.0,392.0,477.0,531.0,887.0,916.0,,,,,,,,,,,,,,,,,,
757,,,,,,,,,,,,,,,,,,,,,,,,,,,,
758,8.0,13.0,14.0,70.0,140.0,318.0,497.0,650.0,684.0,1081.0,,,,,,,,,,,,,,,,,,
759,120.0,657.0,679.0,701.0,794.0,,,,,,,,,,,,,,,,,,,,,,,
760,24.0,91.0,114.0,170.0,260.0,441.0,686.0,697.0,721.0,733.0,1111.0,1123.0,1124.0,,,,,,,,,,,,,,,
761,809.0,922.0,1097.0,1127.0,,,,,,,,,,,,,,,,,,,,,,,,
762,180.0,195.0,245.0,269.0,270.0,426.0,456.0,494.0,518.0,519.0,799.0,,,,,,,,,,,,,,,,,
763,87.0,111.0,723.0,1084.0,,,,,,,,,,,,,,,,,,,,,,,,
764,694.0,711.0,726.0,851.0,,,,,,,,,,,,,,,,,,,,,,,,
765,60.0,274.0,495.0,542.0,577.0,583.0,622.0,623.0,631.0,900.0,975.0,1065.0,1109.0,,,,,,,,,,,,,,,
766,37.0,198.0,951.0,,,,,,,,,,,,,,,,,,,,,,,,,
767,76.0,720.0,774.0,,,,,,,,,,,,,,,,,,,,,,,,,
768,3.0,81.0,83.0,165.0,272.0,325.0,372.0,470.0,498.0,556.0,600.0,786.0,1016.0,1101.0,1105.0,1106.0,1107.0,1116.0,1120.0,1149.0,1157.0,,,,,,,
769,347.0,663.0,,,,,,,,,,,,,,,,,,,,,,,,,,
770,772.0,,,,,,,,,,,,,,,,,,,,,,,,,,,
771,771.0,,,,,,,,,,,,,,,,,,,,,,,,,,,
772,,,,,,,,,,,,,,,,,,,,,,,,,,,,
773,76.0,720.0,768.0,,,,,,,,,,,,,,,,,,,,,,,,,
774,508.0,676.0,746.0,971.0,,,,,,,,,,,,,,,,,,,,,,,,
775,261.0,491.0,492.0,718.0,755.0,821.0,861.0,890.0,1135.0,,,,,,,,,,,,,,,,,,,
776,37.0,895.0,964.0,,,,,,,,,,,,,,,,,,,,,,,,,
777,528.0,658.0,667.0,897.0,915.0,,,,,,,,,,,,,,,,,,,,,,,
778,158.0,956.0,,,,,,,,,,,,,,,,,,,,,,,,,,
779,,,,,,,,,,,,,,,,,,,,,,,,,,,,
780,,,,,,,,,,,,,,,,,,,,,,,,,,,,
781,1.0,5.0,22.0,162.0,407.0,1078.0,1159.0,,,,,,,,,,,,,,,,,,,,,
782,529.0,798.0,844.0,917.0,957.0,,,,,,,,,,,,,,,,,,,,,,,
783,464.0,687.0,888.0,952.0,983.0,1043.0,1104.0,,,,,,,,,,,,,,,,,,,,,
784,369.0,,,,,,,,,,,,,,,,,,,,,,,,,,,
785,3.0,81.0,83.0,165.0,272.0,325.0,372.0,470.0,498.0,556.0,600.0,769.0,1016.0,1101.0,1105.0,1106.0,1107.0,1116.0,1120.0,1149.0,1157.0,,,,,,,
786,939.0,,,,,,,,,,,,,,,,,,,,,,,,,,,
787,366.0,383.0,431.0,432.0,502.0,835.0,,,,,,,,,,,,,,,,,,,,,,
788,557.0,563.0,601.0,606.0,707.0,903.0,993.0,1094.0,1098.0,,,,,,,,,,,,,,,,,,,
789,696.0,748.0,,,,,,,,,,,,,,,,,,,,,,,,,,
790,133.0,238.0,253.0,333.0,476.0,488.0,603.0,614.0,630.0,,,,,,,,,,,,,,,,,,,
791,,,,,,,,,,,,,,,,,,,,,,,,,,,,
792,,,,,,,,,,,,,,,,,,,,,,,,,,,,
793,657.0,679.0,701.0,760.0,,,,,,,,,,,,,,,,,,,,,,,,
794,29.0,103.0,135.0,267.0,299.0,300.0,310.0,467.0,521.0,559.0,569.0,754.0,1125.0,,,,,,,,,,,,,,,
795,797.0,1079.0,,,,,,,,,,,,,,,,,,,,,,,,,,
796,664.0,796.0,929.0,,,,,,,,,,,,,,,,,,,,,,,,,
797,783.0,844.0,917.0,,,,,,,,,,,,,,,,,,,,,,,,,
798,180.0,195.0,245.0,269.0,270.0,313.0,326.0,379.0,426.0,456.0,494.0,509.0,510.0,513.0,518.0,519.0,763.0,804.0,,,,,,,,,,
799,61.0,96.0,254.0,255.0,930.0,936.0,974.0,1003.0,1100.0,,,,,,,,,,,,,,,,,,,
800,373.0,,,,,,,,,,,,,,,,,,,,,,,,,,,
801,411.0,814.0,954.0,,,,,,,,,,,,,,,,,,,,,,,,,
802,67.0,127.0,137.0,335.0,368.0,,,,,,,,,,,,,,,,,,,,,,,
803,313.0,326.0,379.0,388.0,401.0,425.0,459.0,466.0,479.0,480.0,499.0,509.0,510.0,513.0,518.0,525.0,554.0,555.0,579.0,799.0,,,,,,,,
804,11.0,21.0,26.0,51.0,55.0,62.0,89.0,311.0,336.0,351.0,376.0,408.0,409.0,522.0,530.0,553.0,572.0,574.0,588.0,594.0,610.0,611.0,691.0,722.0,1063.0,,,
805,849.0,880.0,,,,,,,,,,,,,,,,,,,,,,,,,,
806,435.0,683.0,734.0,813.0,823.0,879.0,942.0,,,,,,,,,,,,,,,,,,,,,
807,297.0,370.0,381.0,1119.0,,,,,,,,,,,,,,,,,,,,,,,,
808,762.0,922.0,1097.0,1127.0,,,,,,,,,,,,,,,,,,,,,,,,
809,832.0,893.0,1020.0,1021.0,1022.0,1023.0,1024.0,1025.0,1026.0,1054.0,1058.0,1059.0,,,,,,,,,,,,,,,,
810,355.0,446.0,448.0,527.0,,,,,,,,,,,,,,,,,,,,,,,,
811,,,,,,,,,,,,,,,,,,,,,,,,,,,,
812,435.0,683.0,734.0,807.0,823.0,879.0,942.0,,,,,,,,,,,,,,,,,,,,,
813,411.0,802.0,954.0,,,,,,,,,,,,,,,,,,,,,,,,,
814,515.0,715.0,886.0,914.0,949.0,1103.0,,,,,,,,,,,,,,,,,,,,,,
815,32.0,47.0,74.0,150.0,203.0,204.0,404.0,440.0,717.0,745.0,920.0,921.0,940.0,941.0,,,,,,,,,,,,,,
816,20.0,818.0,868.0,986.0,1018.0,1086.0,,,,,,,,,,,,,,,,,,,,,,
817,316.0,817.0,868.0,986.0,1018.0,1086.0,,,,,,,,,,,,,,,,,,,,,,
818,,,,,,,,,,,,,,,,,,,,,,,,,,,,
819,853.0,932.0,972.0,,,,,,,,,,,,,,,,,,,,,,,,,
820,261.0,491.0,492.0,718.0,755.0,776.0,861.0,890.0,1135.0,,,,,,,,,,,,,,,,,,,
821,,,,,,,,,,,,,,,,,,,,,,,,,,,,
822,435.0,683.0,734.0,807.0,813.0,879.0,942.0,,,,,,,,,,,,,,,,,,,,,
823,,,,,,,,,,,,,,,,,,,,,,,,,,,,
824,,,,,,,,,,,,,,,,,,,,,,,,,,,,
825,827.0,1014.0,1072.0,1114.0,,,,,,,,,,,,,,,,,,,,,,,,
826,826.0,1014.0,1072.0,1114.0,,,,,,,,,,,,,,,,,,,,,,,,
827,18.0,31.0,240.0,348.0,385.0,386.0,387.0,846.0,882.0,950.0,965.0,,,,,,,,,,,,,,,,,
828,120.0,205.0,244.0,657.0,732.0,854.0,,,,,,,,,,,,,,,,,,,,,,
829,369.0,,,,,,,,,,,,,,,,,,,,,,,,,,,
830,20.0,184.0,295.0,296.0,316.0,427.0,841.0,987.0,,,,,,,,,,,,,,,,,,,,
831,810.0,893.0,1020.0,1021.0,1022.0,1054.0,1059.0,,,,,,,,,,,,,,,,,,,,,
832,465.0,,,,,,,,,,,,,,,,,,,,,,,,,,,
833,,,,,,,,,,,,,,,,,,,,,,,,,,,,
834,366.0,383.0,431.0,432.0,502.0,788.0,,,,,,,,,,,,,,,,,,,,,,
835,843.0,946.0,,,,,,,,,,,,,,,,,,,,,,,,,,
836,705.0,997.0,1131.0,,,,,,,,,,,,,,,,,,,,,,,,,
837,71.0,143.0,362.0,673.0,690.0,847.0,955.0,,,,,,,,,,,,,,,,,,,,,
838,,,,,,,,,,,,,,,,,,,,,,,,,,,,
839,,,,,,,,,,,,,,,,,,,,,,,,,,,,
840,20.0,184.0,295.0,296.0,316.0,427.0,831.0,987.0,,,,,,,,,,,,,,,,,,,,
841,232.0,482.0,894.0,1089.0,,,,,,,,,,,,,,,,,,,,,,,,
842,836.0,946.0,,,,,,,,,,,,,,,,,,,,,,,,,,
843,529.0,783.0,798.0,917.0,957.0,,,,,,,,,,,,,,,,,,,,,,,
844,,,,,,,,,,,,,,,,,,,,,,,,,,,,
845,18.0,31.0,240.0,348.0,385.0,386.0,387.0,828.0,882.0,950.0,965.0,,,,,,,,,,,,,,,,,
846,71.0,143.0,362.0,673.0,690.0,838.0,955.0,,,,,,,,,,,,,,,,,,,,,
847,27.0,46.0,122.0,181.0,206.0,214.0,231.0,263.0,661.0,666.0,680.0,682.0,1041.0,,,,,,,,,,,,,,,
848,806.0,880.0,,,,,,,,,,,,,,,,,,,,,,,,,,
849,,,,,,,,,,,,,,,,,,,,,,,,,,,,
850,694.0,711.0,726.0,765.0,,,,,,,,,,,,,,,,,,,,,,,,
851,340.0,924.0,959.0,,,,,,,,,,,,,,,,,,,,,,,,,
852,820.0,932.0,972.0,,,,,,,,,,,,,,,,,,,,,,,,,
853,120.0,205.0,244.0,657.0,732.0,829.0,,,,,,,,,,,,,,,,,,,,,,
854,856.0,906.0,907.0,909.0,910.0,911.0,912.0,961.0,962.0,,,,,,,,,,,,,,,,,,,
855,855.0,906.0,907.0,909.0,910.0,911.0,912.0,961.0,962.0,,,,,,,,,,,,,,,,,,,
856,436.0,874.0,908.0,963.0,999.0,1034.0,1118.0,,,,,,,,,,,,,,,,,,,,,
857,,,,,,,,,,,,,,,,,,,,,,,,,,,,
858,,,,,,,,,,,,,,,,,,,,,,,,,,,,
859,186.0,347.0,437.0,558.0,730.0,,,,,,,,,,,,,,,,,,,,,,,
860,261.0,491.0,492.0,718.0,755.0,776.0,821.0,890.0,1135.0,,,,,,,,,,,,,,,,,,,
861,,,,,,,,,,,,,,,,,,,,,,,,,,,,
862,,,,,,,,,,,,,,,,,,,,,,,,,,,,
863,82.0,200.0,512.0,514.0,580.0,584.0,589.0,591.0,599.0,602.0,1138.0,,,,,,,,,,,,,,,,,
864,1150.0,,,,,,,,,,,,,,,,,,,,,,,,,,,
865,273.0,967.0,1038.0,,,,,,,,,,,,,,,,,,,,,,,,,
866,131.0,612.0,1004.0,,,,,,,,,,,,,,,,,,,,,,,,,
867,20.0,316.0,817.0,818.0,986.0,1018.0,1086.0,,,,,,,,,,,,,,,,,,,,,
868,94.0,95.0,460.0,532.0,543.0,570.0,608.0,,,,,,,,,,,,,,,,,,,,,
869,156.0,1015.0,1075.0,,,,,,,,,,,,,,,,,,,,,,,,,
870,,,,,,,,,,,,,,,,,,,,,,,,,,,,
871,322.0,,,,,,,,,,,,,,,,,,,,,,,,,,,
872,977.0,,,,,,,,,,,,,,,,,,,,,,,,,,,
873,857.0,908.0,963.0,998.0,999.0,,,,,,,,,,,,,,,,,,,,,,,
874,9.0,110.0,112.0,655.0,,,,,,,,,,,,,,,,,,,,,,,,
875,979.0,1035.0,1117.0,,,,,,,,,,,,,,,,,,,,,,,,,
876,345.0,901.0,,,,,,,,,,,,,,,,,,,,,,,,,,
877,,,,,,,,,,,,,,,,,,,,,,,,,,,,
878,435.0,683.0,734.0,807.0,813.0,823.0,942.0,,,,,,,,,,,,,,,,,,,,,
879,806.0,849.0,,,,,,,,,,,,,,,,,,,,,,,,,,
880,520.0,545.0,930.0,988.0,,,,,,,,,,,,,,,,,,,,,,,,
881,31.0,160.0,240.0,249.0,348.0,385.0,386.0,387.0,828.0,846.0,950.0,,,,,,,,,,,,,,,,,
882,72.0,227.0,358.0,587.0,670.0,,,,,,,,,,,,,,,,,,,,,,,
883,,,,,,,,,,,,,,,,,,,,,,,,,,,,
884,16.0,187.0,221.0,248.0,329.0,365.0,424.0,430.0,,,,,,,,,,,,,,,,,,,,
885,515.0,715.0,815.0,914.0,949.0,1103.0,,,,,,,,,,,,,,,,,,,,,,
886,123.0,126.0,129.0,164.0,271.0,392.0,477.0,531.0,757.0,916.0,,,,,,,,,,,,,,,,,,
887,464.0,687.0,784.0,952.0,983.0,1043.0,1104.0,,,,,,,,,,,,,,,,,,,,,
888,1060.0,,,,,,,,,,,,,,,,,,,,,,,,,,,
889,261.0,491.0,492.0,718.0,755.0,776.0,821.0,861.0,1135.0,,,,,,,,,,,,,,,,,,,
890,198.0,320.0,951.0,,,,,,,,,,,,,,,,,,,,,,,,,
891,685.0,,,,,,,,,,,,,,,,,,,,,,,,,,,
892,810.0,832.0,1020.0,1021.0,1022.0,1023.0,1024.0,1025.0,1026.0,1054.0,1058.0,1059.0,,,,,,,,,,,,,,,,
893,482.0,842.0,1089.0,,,,,,,,,,,,,,,,,,,,,,,,,
894,37.0,259.0,777.0,964.0,1061.0,1090.0,,,,,,,,,,,,,,,,,,,,,,
895,226.0,,,,,,,,,,,,,,,,,,,,,,,,,,,
896,658.0,667.0,778.0,915.0,,,,,,,,,,,,,,,,,,,,,,,,
897,,,,,,,,,,,,,,,,,,,,,,,,,,,,
898,38.0,49.0,706.0,719.0,913.0,925.0,926.0,,,,,,,,,,,,,,,,,,,,,
899,60.0,274.0,542.0,766.0,,,,,,,,,,,,,,,,,,,,,,,,
900,345.0,877.0,,,,,,,,,,,,,,,,,,,,,,,,,,
901,69.0,207.0,286.0,624.0,,,,,,,,,,,,,,,,,,,,,,,,
902,557.0,563.0,601.0,606.0,707.0,789.0,993.0,1094.0,1098.0,,,,,,,,,,,,,,,,,,,
903,483.0,1122.0,1129.0,,,,,,,,,,,,,,,,,,,,,,,,,
904,212.0,302.0,489.0,616.0,704.0,918.0,934.0,969.0,1009.0,1045.0,,,,,,,,,,,,,,,,,,
905,855.0,856.0,907.0,909.0,910.0,911.0,912.0,961.0,962.0,,,,,,,,,,,,,,,,,,,
906,855.0,856.0,906.0,909.0,910.0,911.0,912.0,961.0,962.0,,,,,,,,,,,,,,,,,,,
907,436.0,857.0,874.0,963.0,999.0,1034.0,1118.0,,,,,,,,,,,,,,,,,,,,,
908,855.0,856.0,906.0,907.0,910.0,911.0,912.0,961.0,962.0,,,,,,,,,,,,,,,,,,,
909,855.0,856.0,906.0,907.0,909.0,911.0,912.0,961.0,962.0,,,,,,,,,,,,,,,,,,,
910,855.0,856.0,906.0,907.0,909.0,910.0,912.0,961.0,962.0,,,,,,,,,,,,,,,,,,,
911,855.0,856.0,906.0,907.0,909.0,910.0,911.0,961.0,962.0,,,,,,,,,,,,,,,,,,,
912,38.0,49.0,706.0,719.0,899.0,925.0,926.0,,,,,,,,,,,,,,,,,,,,,
913,45.0,58.0,59.0,134.0,201.0,515.0,715.0,815.0,886.0,947.0,949.0,1074.0,,,,,,,,,,,,,,,,
914,528.0,658.0,667.0,778.0,897.0,,,,,,,,,,,,,,,,,,,,,,,
915,107.0,123.0,126.0,129.0,271.0,277.0,392.0,477.0,531.0,549.0,757.0,887.0,1057.0,,,,,,,,,,,,,,,
916,529.0,783.0,798.0,844.0,957.0,,,,,,,,,,,,,,,,,,,,,,,
917,212.0,302.0,489.0,704.0,905.0,934.0,969.0,1009.0,1045.0,,,,,,,,,,,,,,,,,,,
918,966.0,1027.0,1028.0,1029.0,,,,,,,,,,,,,,,,,,,,,,,,
919,32.0,47.0,74.0,150.0,203.0,204.0,404.0,440.0,717.0,745.0,816.0,921.0,940.0,941.0,,,,,,,,,,,,,,
920,32.0,47.0,74.0,150.0,203.0,204.0,404.0,440.0,717.0,745.0,816.0,920.0,940.0,941.0,,,,,,,,,,,,,,
921,762.0,809.0,1097.0,1127.0,,,,,,,,,,,,,,,,,,,,,,,,
922,287.0,405.0,406.0,537.0,539.0,541.0,550.0,551.0,1036.0,,,,,,,,,,,,,,,,,,,
923,340.0,852.0,959.0,,,,,,,,,,,,,,,,,,,,,,,,,
924,38.0,49.0,706.0,719.0,899.0,913.0,926.0,,,,,,,,,,,,,,,,,,,,,
925,38.0,49.0,706.0,719.0,899.0,913.0,925.0,,,,,,,,,,,,,,,,,,,,,
926,103.0,179.0,349.0,559.0,569.0,675.0,754.0,,,,,,,,,,,,,,,,,,,,,
927,,,,,,,,,,,,,,,,,,,,,,,,,,,,
928,664.0,797.0,,,,,,,,,,,,,,,,,,,,,,,,,,
929,61.0,520.0,545.0,800.0,881.0,988.0,1003.0,1100.0,,,,,,,,,,,,,,,,,,,,
930,48.0,177.0,,,,,,,,,,,,,,,,,,,,,,,,,,
931,820.0,853.0,972.0,,,,,,,,,,,,,,,,,,,,,,,,,
932,97.0,642.0,,,,,,,,,,,,,,,,,,,,,,,,,,
933,212.0,302.0,489.0,704.0,905.0,918.0,969.0,1009.0,1045.0,,,,,,,,,,,,,,,,,,,
934,,,,,,,,,,,,,,,,,,,,,,,,,,,,
935,61.0,96.0,254.0,255.0,449.0,607.0,618.0,621.0,800.0,974.0,1003.0,1092.0,1093.0,1100.0,,,,,,,,,,,,,,
936,298.0,,,,,,,,,,,,,,,,,,,,,,,,,,,
937,,,,,,,,,,,,,,,,,,,,,,,,,,,,
938,787.0,,,,,,,,,,,,,,,,,,,,,,,,,,,
939,32.0,47.0,74.0,150.0,203.0,204.0,404.0,440.0,717.0,745.0,816.0,920.0,921.0,941.0,,,,,,,,,,,,,,
940,32.0,47.0,74.0,150.0,203.0,204.0,404.0,440.0,717.0,745.0,816.0,920.0,921.0,940.0,,,,,,,,,,,,,,
941,435.0,683.0,734.0,807.0,813.0,823.0,879.0,,,,,,,,,,,,,,,,,,,,,
942,9.0,31.0,348.0,655.0,,,,,,,,,,,,,,,,,,,,,,,,
943,356.0,948.0,965.0,,,,,,,,,,,,,,,,,,,,,,,,,
944,151.0,196.0,243.0,276.0,312.0,444.0,454.0,455.0,458.0,632.0,633.0,634.0,638.0,699.0,749.0,1095.0,,,,,,,,,,,,
945,836.0,843.0,,,,,,,,,,,,,,,,,,,,,,,,,,
946,45.0,58.0,59.0,134.0,201.0,414.0,515.0,914.0,1074.0,,,,,,,,,,,,,,,,,,,
947,160.0,249.0,258.0,356.0,505.0,944.0,1033.0,,,,,,,,,,,,,,,,,,,,,
948,515.0,715.0,815.0,886.0,914.0,1103.0,,,,,,,,,,,,,,,,,,,,,,
949,31.0,160.0,240.0,249.0,348.0,385.0,386.0,387.0,828.0,846.0,882.0,,,,,,,,,,,,,,,,,
950,10.0,198.0,767.0,891.0,,,,,,,,,,,,,,,,,,,,,,,,
951,6.0,17.0,197.0,252.0,294.0,464.0,687.0,784.0,888.0,983.0,1001.0,1043.0,1104.0,,,,,,,,,,,,,,,
952,,,,,,,,,,,,,,,,,,,,,,,,,,,,
953,411.0,802.0,814.0,,,,,,,,,,,,,,,,,,,,,,,,,
954,71.0,143.0,362.0,673.0,690.0,838.0,847.0,1048.0,,,,,,,,,,,,,,,,,,,,
955,158.0,779.0,,,,,,,,,,,,,,,,,,,,,,,,,,
956,529.0,783.0,844.0,917.0,,,,,,,,,,,,,,,,,,,,,,,,
957,557.0,563.0,601.0,606.0,,,,,,,,,,,,,,,,,,,,,,,,
958,340.0,852.0,924.0,,,,,,,,,,,,,,,,,,,,,,,,,
959,242.0,1052.0,1132.0,,,,,,,,,,,,,,,,,,,,,,,,,
960,855.0,856.0,906.0,907.0,909.0,910.0,911.0,912.0,962.0,,,,,,,,,,,,,,,,,,,
961,855.0,856.0,906.0,907.0,909.0,910.0,911.0,912.0,961.0,,,,,,,,,,,,,,,,,,,
962,436.0,857.0,874.0,908.0,999.0,1034.0,1118.0,,,,,,,,,,,,,,,,,,,,,
963,259.0,777.0,895.0,1061.0,1090.0,,,,,,,,,,,,,,,,,,,,,,,
964,18.0,385.0,386.0,387.0,612.0,828.0,846.0,944.0,,,,,,,,,,,,,,,,,,,,
965,919.0,1027.0,1028.0,1029.0,,,,,,,,,,,,,,,,,,,,,,,,
966,273.0,866.0,1038.0,,,,,,,,,,,,,,,,,,,,,,,,,
967,,,,,,,,,,,,,,,,,,,,,,,,,,,,
968,212.0,302.0,489.0,704.0,905.0,918.0,934.0,1009.0,1045.0,,,,,,,,,,,,,,,,,,,
969,105.0,,,,,,,,,,,,,,,,,,,,,,,,,,,
970,508.0,676.0,746.0,775.0,,,,,,,,,,,,,,,,,,,,,,,,
971,820.0,853.0,932.0,,,,,,,,,,,,,,,,,,,,,,,,,
972,10.0,210.0,320.0,1068.0,,,,,,,,,,,,,,,,,,,,,,,,
973,61.0,96.0,254.0,255.0,449.0,607.0,618.0,621.0,800.0,936.0,1003.0,1092.0,1093.0,1100.0,,,,,,,,,,,,,,
974,274.0,461.0,495.0,577.0,583.0,613.0,622.0,623.0,631.0,766.0,1065.0,1109.0,,,,,,,,,,,,,,,,
975,113.0,153.0,239.0,306.0,357.0,989.0,,,,,,,,,,,,,,,,,,,,,,
976,873.0,,,,,,,,,,,,,,,,,,,,,,,,,,,
977,751.0,1062.0,,,,,,,,,,,,,,,,,,,,,,,,,,
978,876.0,1035.0,1117.0,,,,,,,,,,,,,,,,,,,,,,,,,
979,741.0,,,,,,,,,,,,,,,,,,,,,,,,,,,
980,216.0,217.0,452.0,1099.0,,,,,,,,,,,,,,,,,,,,,,,,
981,146.0,147.0,327.0,403.0,,,,,,,,,,,,,,,,,,,,,,,,
982,464.0,687.0,784.0,888.0,952.0,1043.0,1104.0,,,,,,,,,,,,,,,,,,,,,
983,68.0,457.0,471.0,985.0,,,,,,,,,,,,,,,,,,,,,,,,
984,68.0,457.0,471.0,984.0,,,,,,,,,,,,,,,,,,,,,,,,
985,316.0,817.0,818.0,868.0,1018.0,1086.0,,,,,,,,,,,,,,,,,,,,,,
986,20.0,184.0,295.0,296.0,316.0,427.0,831.0,841.0,,,,,,,,,,,,,,,,,,,,
987,520.0,545.0,881.0,930.0,,,,,,,,,,,,,,,,,,,,,,,,
988,113.0,153.0,239.0,306.0,357.0,976.0,,,,,,,,,,,,,,,,,,,,,,
989,,,,,,,,,,,,,,,,,,,,,,,,,,,,
990,114.0,260.0,,,,,,,,,,,,,,,,,,,,,,,,,,
991,33.0,66.0,75.0,90.0,117.0,124.0,1056.0,,,,,,,,,,,,,,,,,,,,,
992,557.0,563.0,601.0,606.0,707.0,789.0,903.0,1094.0,1098.0,,,,,,,,,,,,,,,,,,,
993,,,,,,,,,,,,,,,,,,,,,,,,,,,,
994,165.0,272.0,470.0,498.0,556.0,1016.0,1149.0,,,,,,,,,,,,,,,,,,,,,
995,77.0,228.0,1042.0,1077.0,,,,,,,,,,,,,,,,,,,,,,,,
996,705.0,837.0,1131.0,,,,,,,,,,,,,,,,,,,,,,,,,
997,874.0,,,,,,,,,,,,,,,,,,,,,,,,,,,
998,436.0,857.0,874.0,908.0,963.0,1034.0,1118.0,,,,,,,,,,,,,,,,,,,,,
999,641.0,,,,,,,,,,,,,,,,,,,,,,,,,,,
1000,6.0,17.0,197.0,294.0,464.0,952.0,,,,,,,,,,,,,,,,,,,,,,
1001,122.0,188.0,321.0,350.0,728.0,729.0,,,,,,,,,,,,,,,,,,,,,,
1002,61.0,96.0,254.0,255.0,800.0,930.0,936.0,974.0,1100.0,,,,,,,,,,,,,,,,,,,
1003,18.0,131.0,320.0,612.0,867.0,,,,,,,,,,,,,,,,,,,,,,,
1004,65.0,92.0,171.0,256.0,334.0,573.0,,,,,,,,,,,,,,,,,,,,,,
1005,193.0,,,,,,,,,,,,,,,,,,,,,,,,,,,
1006,643.0,,,,,,,,,,,,,,,,,,,,,,,,,,,
1007,40.0,1126.0,,,,,,,,,,,,,,,,,,,,,,,,,,
1008,212.0,302.0,489.0,704.0,905.0,918.0,934.0,969.0,1045.0,,,,,,,,,,,,,,,,,,,
1009,,,,,,,,,,,,,,,,,,,,,,,,,,,,
1010,1066.0,,,,,,,,,,,,,,,,,,,,,,,,,,,
1011,215.0,,,,,,,,,,,,,,,,,,,,,,,,,,,
1012,119.0,163.0,167.0,189.0,208.0,233.0,234.0,279.0,280.0,283.0,284.0,289.0,323.0,324.0,328.0,341.0,342.0,343.0,354.0,363.0,564.0,740.0,,,,,,
1013,826.0,827.0,1072.0,1114.0,,,,,,,,,,,,,,,,,,,,,,,,
1014,156.0,870.0,1075.0,,,,,,,,,,,,,,,,,,,,,,,,,
1015,3.0,81.0,83.0,165.0,251.0,272.0,325.0,372.0,470.0,498.0,500.0,556.0,600.0,769.0,786.0,995.0,1101.0,1105.0,1106.0,1107.0,1116.0,1120.0,1148.0,1149.0,1157.0,,,
1016,148.0,268.0,359.0,1055.0,1070.0,,,,,,,,,,,,,,,,,,,,,,,
1017,316.0,817.0,818.0,868.0,986.0,1086.0,,,,,,,,,,,,,,,,,,,,,,
1018,1153.0,,,,,,,,,,,,,,,,,,,,,,,,,,,
1019,810.0,832.0,893.0,1021.0,1022.0,1023.0,1024.0,1025.0,1026.0,1054.0,1058.0,1059.0,,,,,,,,,,,,,,,,
1020,810.0,832.0,893.0,1020.0,1022.0,1023.0,1024.0,1025.0,1026.0,1054.0,1058.0,1059.0,,,,,,,,,,,,,,,,
1021,810.0,832.0,893.0,1020.0,1021.0,1054.0,1059.0,,,,,,,,,,,,,,,,,,,,,
1022,810.0,893.0,1020.0,1021.0,1024.0,1025.0,1026.0,1054.0,1058.0,1059.0,,,,,,,,,,,,,,,,,,
1023,810.0,893.0,1020.0,1021.0,1023.0,1025.0,1026.0,1054.0,1058.0,1059.0,,,,,,,,,,,,,,,,,,
1024,810.0,893.0,1020.0,1021.0,1023.0,1024.0,1026.0,1054.0,1058.0,1059.0,,,,,,,,,,,,,,,,,,
1025,810.0,893.0,1020.0,1021.0,1023.0,1024.0,1025.0,1054.0,1058.0,1059.0,,,,,,,,,,,,,,,,,,
1026,919.0,966.0,1028.0,1029.0,,,,,,,,,,,,,,,,,,,,,,,,
1027,919.0,966.0,1027.0,1029.0,,,,,,,,,,,,,,,,,,,,,,,,
1028,919.0,966.0,1027.0,1028.0,,,,,,,,,,,,,,,,,,,,,,,,
1029,474.0,534.0,561.0,562.0,585.0,586.0,590.0,598.0,1031.0,1154.0,,,,,,,,,,,,,,,,,,
1030,474.0,534.0,561.0,562.0,585.0,586.0,590.0,598.0,1030.0,1154.0,,,,,,,,,,,,,,,,,,
1031,382.0,1037.0,,,,,,,,,,,,,,,,,,,,,,,,,,
1032,93.0,250.0,356.0,742.0,948.0,,,,,,,,,,,,,,,,,,,,,,,
1033,436.0,857.0,908.0,963.0,999.0,1118.0,,,,,,,,,,,,,,,,,,,,,,
1034,876.0,979.0,1117.0,,,,,,,,,,,,,,,,,,,,,,,,,
1035,287.0,405.0,406.0,550.0,923.0,,,,,,,,,,,,,,,,,,,,,,,
1036,288.0,330.0,331.0,382.0,422.0,423.0,1032.0,1123.0,1124.0,,,,,,,,,,,,,,,,,,,
1037,273.0,866.0,967.0,,,,,,,,,,,,,,,,,,,,,,,,,
1038,,,,,,,,,,,,,,,,,,,,,,,,,,,,
1039,,,,,,,,,,,,,,,,,,,,,,,,,,,,
1040,27.0,46.0,122.0,181.0,206.0,214.0,231.0,263.0,661.0,666.0,680.0,682.0,848.0,,,,,,,,,,,,,,,
1041,77.0,228.0,996.0,1077.0,,,,,,,,,,,,,,,,,,,,,,,,
1042,464.0,687.0,784.0,888.0,952.0,983.0,1104.0,,,,,,,,,,,,,,,,,,,,,
1043,,,,,,,,,,,,,,,,,,,,,,,,,,,,
1044,212.0,302.0,489.0,704.0,905.0,918.0,934.0,969.0,1009.0,,,,,,,,,,,,,,,,,,,
1045,,,,,,,,,,,,,,,,,,,,,,,,,,,,
1046,199.0,434.0,1096.0,1108.0,1137.0,,,,,,,,,,,,,,,,,,,,,,,
1047,71.0,143.0,148.0,690.0,955.0,,,,,,,,,,,,,,,,,,,,,,,
1048,,,,,,,,,,,,,,,,,,,,,,,,,,,,
1049,1051.0,,,,,,,,,,,,,,,,,,,,,,,,,,,
1050,1050.0,,,,,,,,,,,,,,,,,,,,,,,,,,,
1051,437.0,558.0,730.0,960.0,1132.0,,,,,,,,,,,,,,,,,,,,,,,
1052,,,,,,,,,,,,,,,,,,,,,,,,,,,,
1053,810.0,832.0,893.0,1020.0,1021.0,1022.0,1023.0,1024.0,1025.0,1026.0,1058.0,1059.0,,,,,,,,,,,,,,,,
1054,359.0,1017.0,1070.0,,,,,,,,,,,,,,,,,,,,,,,,,
1055,33.0,66.0,75.0,90.0,117.0,124.0,992.0,,,,,,,,,,,,,,,,,,,,,
1056,107.0,277.0,344.0,549.0,916.0,,,,,,,,,,,,,,,,,,,,,,,
1057,810.0,893.0,1020.0,1021.0,1023.0,1024.0,1025.0,1026.0,1054.0,1059.0,,,,,,,,,,,,,,,,,,
1058,810.0,832.0,893.0,1020.0,1021.0,1022.0,1023.0,1024.0,1025.0,1026.0,1054.0,1058.0,,,,,,,,,,,,,,,,
1059,889.0,,,,,,,,,,,,,,,,,,,,,,,,,,,
1060,259.0,895.0,964.0,1090.0,,,,,,,,,,,,,,,,,,,,,,,,
1061,751.0,978.0,,,,,,,,,,,,,,,,,,,,,,,,,,
1062,11.0,21.0,26.0,51.0,55.0,62.0,89.0,103.0,311.0,351.0,376.0,408.0,409.0,522.0,530.0,553.0,559.0,569.0,572.0,574.0,588.0,594.0,610.0,611.0,691.0,722.0,754.0,805.0
1063,,,,,,,,,,,,,,,,,,,,,,,,,,,,
1064,274.0,461.0,495.0,577.0,583.0,613.0,622.0,623.0,631.0,766.0,975.0,1109.0,,,,,,,,,,,,,,,,
1065,1011.0,,,,,,,,,,,,,,,,,,,,,,,,,,,
1066,487.0,1088.0,,,,,,,,,,,,,,,,,,,,,,,,,,
1067,10.0,210.0,973.0,,,,,,,,,,,,,,,,,,,,,,,,,
1068,303.0,1143.0,,,,,,,,,,,,,,,,,,,,,,,,,,
1069,359.0,1017.0,1055.0,,,,,,,,,,,,,,,,,,,,,,,,,
1070,1082.0,,,,,,,,,,,,,,,,,,,,,,,,,,,
1071,826.0,827.0,1014.0,1114.0,,,,,,,,,,,,,,,,,,,,,,,,
1072,,,,,,,,,,,,,,,,,,,,,,,,,,,,
1073,45.0,58.0,59.0,134.0,201.0,414.0,515.0,914.0,947.0,,,,,,,,,,,,,,,,,,,
1074,156.0,870.0,1015.0,,,,,,,,,,,,,,,,,,,,,,,,,
1075,50.0,104.0,159.0,315.0,346.0,402.0,493.0,,,,,,,,,,,,,,,,,,,,,
1076,77.0,228.0,257.0,319.0,442.0,453.0,996.0,1042.0,,,,,,,,,,,,,,,,,,,,
1077,1.0,5.0,22.0,162.0,407.0,782.0,1159.0,,,,,,,,,,,,,,,,,,,,,
1078,796.0,,,,,,,,,,,,,,,,,,,,,,,,,,,
1079,,,,,,,,,,,,,,,,,,,,,,,,,,,,
1080,8.0,13.0,14.0,70.0,140.0,318.0,497.0,650.0,684.0,759.0,,,,,,,,,,,,,,,,,,
1081,1071.0,,,,,,,,,,,,,,,,,,,,,,,,,,,
1082,113.0,239.0,371.0,,,,,,,,,,,,,,,,,,,,,,,,,
1083,87.0,111.0,723.0,764.0,,,,,,,,,,,,,,,,,,,,,,,,
1084,649.0,,,,,,,,,,,,,,,,,,,,,,,,,,,
1085,316.0,817.0,818.0,868.0,986.0,1018.0,,,,,,,,,,,,,,,,,,,,,,
1086,,,,,,,,,,,,,,,,,,,,,,,,,,,,
1087,487.0,1067.0,,,,,,,,,,,,,,,,,,,,,,,,,,
1088,232.0,482.0,842.0,894.0,,,,,,,,,,,,,,,,,,,,,,,,
1089,259.0,895.0,964.0,1061.0,,,,,,,,,,,,,,,,,,,,,,,,
1090,19.0,44.0,100.0,640.0,,,,,,,,,,,,,,,,,,,,,,,,
1091,96.0,254.0,255.0,449.0,607.0,618.0,621.0,936.0,974.0,1093.0,,,,,,,,,,,,,,,,,,
1092,96.0,254.0,255.0,449.0,607.0,618.0,621.0,936.0,974.0,1092.0,,,,,,,,,,,,,,,,,,
1093,557.0,563.0,601.0,606.0,707.0,789.0,903.0,993.0,1098.0,,,,,,,,,,,,,,,,,,,
1094,151.0,196.0,243.0,276.0,312.0,444.0,454.0,455.0,458.0,632.0,633.0,634.0,638.0,699.0,749.0,945.0,,,,,,,,,,,,
1095,199.0,434.0,1047.0,1108.0,1137.0,,,,,,,,,,,,,,,,,,,,,,,
1096,762.0,809.0,922.0,1127.0,,,,,,,,,,,,,,,,,,,,,,,,
1097,557.0,563.0,601.0,606.0,707.0,789.0,903.0,993.0,1094.0,,,,,,,,,,,,,,,,,,,
1098,216.0,217.0,452.0,981.0,,,,,,,,,,,,,,,,,,,,,,,,
1099,61.0,96.0,254.0,255.0,800.0,930.0,936.0,974.0,1003.0,,,,,,,,,,,,,,,,,,,
1100,3.0,81.0,83.0,165.0,272.0,325.0,372.0,470.0,498.0,556.0,600.0,769.0,786.0,1016.0,1105.0,1106.0,1107.0,1116.0,1120.0,1149.0,1157.0,,,,,,,
1101,662.0,,,,,,,,,,,,,,,,,,,,,,,,,,,
1102,252.0,715.0,815.0,886.0,949.0,,,,,,,,,,,,,,,,,,,,,,,
1103,464.0,687.0,784.0,888.0,952.0,983.0,1043.0,,,,,,,,,,,,,,,,,,,,,
1104,3.0,81.0,83.0,165.0,272.0,325.0,372.0,470.0,498.0,556.0,600.0,769.0,786.0,1016.0,1101.0,1106.0,1107.0,1116.0,1120.0,1149.0,1157.0,,,,,,,
1105,3.0,81.0,83.0,165.0,272.0,325.0,372.0,470.0,498.0,556.0,600.0,769.0,786.0,1016.0,1101.0,1105.0,1107.0,1116.0,1120.0,1149.0,1157.0,,,,,,,
1106,3.0,81.0,83.0,165.0,272.0,325.0,372.0,470.0,498.0,556.0,600.0,769.0,786.0,1016.0,1101.0,1105.0,1106.0,1116.0,1120.0,1149.0,1157.0,,,,,,,
1107,199.0,434.0,1047.0,1096.0,1137.0,,,,,,,,,,,,,,,,,,,,,,,
1108,274.0,414.0,495.0,577.0,583.0,622.0,623.0,631.0,766.0,975.0,1065.0,,,,,,,,,,,,,,,,,
1109,,,,,,,,,,,,,,,,,,,,,,,,,,,,
1110,24.0,91.0,114.0,170.0,260.0,441.0,686.0,697.0,721.0,733.0,761.0,,,,,,,,,,,,,,,,,
1111,209.0,246.0,698.0,,,,,,,,,,,,,,,,,,,,,,,,,
1112,28.0,141.0,175.0,,,,,,,,,,,,,,,,,,,,,,,,,
1113,826.0,827.0,1014.0,1072.0,,,,,,,,,,,,,,,,,,,,,,,,
1114,451.0,516.0,,,,,,,,,,,,,,,,,,,,,,,,,,
1115,3.0,81.0,83.0,165.0,272.0,325.0,372.0,470.0,498.0,556.0,600.0,769.0,786.0,1016.0,1101.0,1105.0,1106.0,1107.0,1120.0,1149.0,1157.0,,,,,,,
1116,876.0,979.0,1035.0,,,,,,,,,,,,,,,,,,,,,,,,,
1117,436.0,857.0,908.0,963.0,999.0,1034.0,,,,,,,,,,,,,,,,,,,,,,
1118,297.0,370.0,381.0,808.0,,,,,,,,,,,,,,,,,,,,,,,,
1119,3.0,81.0,83.0,165.0,272.0,325.0,372.0,470.0,498.0,556.0,600.0,769.0,786.0,1016.0,1101.0,1105.0,1106.0,1107.0,1116.0,1149.0,1157.0,,,,,,,
1120,605.0,615.0,644.0,,,,,,,,,,,,,,,,,,,,,,,,,
1121,483.0,904.0,1129.0,,,,,,,,,,,,,,,,,,,,,,,,,
1122,13.0,288.0,330.0,331.0,382.0,422.0,423.0,697.0,733.0,761.0,1037.0,1124.0,,,,,,,,,,,,,,,,
1123,13.0,288.0,330.0,331.0,382.0,422.0,423.0,697.0,733.0,761.0,1037.0,1123.0,,,,,,,,,,,,,,,,
1124,29.0,103.0,135.0,267.0,299.0,300.0,310.0,467.0,521.0,559.0,569.0,754.0,795.0,,,,,,,,,,,,,,,
1125,40.0,1008.0,,,,,,,,,,,,,,,,,,,,,,,,,,
1126,762.0,809.0,922.0,1097.0,,,,,,,,,,,,,,,,,,,,,,,,
1127,,,,,,,,,,,,,,,,,,,,,,,,,,,,
1128,483.0,904.0,1122.0,,,,,,,,,,,,,,,,,,,,,,,,,
1129,109.0,,,,,,,,,,,,,,,,,,,,,,,,,,,
1130,705.0,837.0,997.0,,,,,,,,,,,,,,,,,,,,,,,,,
1131,242.0,960.0,1052.0,,,,,,,,,,,,,,,,,,,,,,,,,
1132,,,,,,,,,,,,,,,,,,,,,,,,,,,,
1133,,,,,,,,,,,,,,,,,,,,,,,,,,,,
1134,261.0,491.0,492.0,718.0,755.0,776.0,821.0,861.0,890.0,,,,,,,,,,,,,,,,,,,
1135,,,,,,,,,,,,,,,,,,,,,,,,,,,,
1136,199.0,434.0,1047.0,1096.0,1108.0,,,,,,,,,,,,,,,,,,,,,,,
1137,82.0,200.0,512.0,514.0,580.0,584.0,589.0,591.0,599.0,602.0,864.0,,,,,,,,,,,,,,,,,
1138,455.0,749.0,,,,,,,,,,,,,,,,,,,,,,,,,,
1139,1152.0,,,,,,,,,,,,,,,,,,,,,,,,,,,
1140,653.0,,,,,,,,,,,,,,,,,,,,,,,,,,,
1141,,,,,,,,,,,,,,,,,,,,,,,,,,,,
1142,303.0,1069.0,,,,,,,,,,,,,,,,,,,,,,,,,,
1143,35.0,36.0,138.0,225.0,418.0,,,,,,,,,,,,,,,,,,,,,,,
1144,,,,,,,,,,,,,,,,,,,,,,,,,,,,
1145,,,,,,,,,,,,,,,,,,,,,,,,,,,,
1146,337.0,,,,,,,,,,,,,,,,,,,,,,,,,,,
1147,165.0,251.0,272.0,391.0,470.0,498.0,500.0,556.0,1016.0,1149.0,,,,,,,,,,,,,,,,,,
1148,3.0,81.0,83.0,165.0,251.0,272.0,325.0,372.0,470.0,498.0,500.0,556.0,600.0,769.0,786.0,995.0,1016.0,1101.0,1105.0,1106.0,1107.0,1116.0,1120.0,1148.0,1157.0,,,
1149,865.0,,,,,,,,,,,,,,,,,,,,,,,,,,,
1150,,,,,,,,,,,,,,,,,,,,,,,,,,,,
1151,1140.0,,,,,,,,,,,,,,,,,,,,,,,,,,,
1152,1019.0,,,,,,,,,,,,,,,,,,,,,,,,,,,
1153,218.0,275.0,308.0,339.0,474.0,501.0,511.0,534.0,561.0,562.0,581.0,585.0,586.0,590.0,598.0,1030.0,1031.0,,,,,,,,,,,
1154,144.0,,,,,,,,,,,,,,,,,,,,,,,,,,,
1155,,,,,,,,,,,,,,,,,,,,,,,,,,,,
1156,3.0,81.0,83.0,165.0,272.0,325.0,372.0,470.0,498.0,556.0,600.0,769.0,786.0,1016.0,1101.0,1105.0,1106.0,1107.0,1116.0,1120.0,1149.0,,,,,,,
1157,,,,,,,,,,,,,,,,,,,,,,,,,,,,
1158,1.0,5.0,22.0,162.0,407.0,782.0,1078.0,,,,,,,,,,,,,,,,,,,,,
